feed_temperature_K,feed_pressure_kPa,feed_composition_benzene,n_stages,feed_stage,reflux_ratio,bottoms_rate_kmol_h,feed_vapor_fraction_q,column_pressure_kPa,relative_volatility,R_over_Rmin,N_over_Nmin,feed_stage_fraction,distillate_rate_kmol_h,bubble_point_T_K,dew_point_T_K,xD_benzene,xB_benzene,QC_kW,QR_kW
357.895,202.65,0.4714,10,3,2.0714,30.0,-0.01304,202.65,7.78328,2.60849,1.39156,0.3,70.0,360.419,390.99,0.717153,1e-06,2655.7962,2802.3972
328.421,121.59,0.5857,15,6,2.0714,30.0,-0.0272,121.59,11.01593,1.87505,17.19526,0.4,70.0,333.686,366.525,0.729698,0.24975245,2055.1809,2131.1992
395.789,101.325,0.3571,10,5,2.6429,70.0,1.08914,101.325,5.50023,1.38905,7.14727,0.5,30.0,341.482,371.478,0.72841,0.19802856,953.8081,992.4682
370.526,152.0,0.3571,25,17,2.3571,46.0,0.47259,152.0,6.84744,2.83375,3.22563,0.68,54.0,356.984,385.64,0.749389,1e-06,1934.6177,2046.3776
395.789,101.325,0.4143,10,3,3.5,30.0,1.09801,101.325,5.50023,2.15538,1.14533,0.3,70.0,337.332,369.059,0.744433,1e-06,2745.6918,2902.9981
332.632,101.325,0.4143,30,5,2.3571,54.0,-0.02429,101.325,10.40561,3.67345,22.84978,0.16667,46.0,337.332,369.059,0.754638,0.12435592,1344.9714,1410.4275
349.474,202.65,0.6429,20,5,3.5,30.0,-0.00438,202.65,8.52787,2.03699,17.9804,0.25,70.0,350.321,380.908,0.801908,0.27173846,3865.6748,4024.446
320.0,202.65,0.6429,25,17,2.6429,30.0,-0.15666,202.65,12.45495,1.47812,30.20702,0.68,70.0,350.321,380.908,0.775574,0.3,3135.6854,3251.2141
320.0,202.65,0.6429,15,10,3.5,62.0,-0.15666,202.65,12.45495,1.92902,17.76085,0.66667,38.0,350.321,380.908,0.78292,0.3,2101.5414,2180.2868
373.516,202.65,0.6693,13,7,3.198,53.366,0.81542,202.65,6.67564,4.31706,12.14846,0.53846,46.634,348.968,379.073,0.765709,0.3,2409.2135,2495.6911
349.474,202.65,0.6429,10,7,2.0714,70.0,-0.00438,202.65,8.52787,1.44079,11.99032,0.7,30.0,350.321,380.908,0.719152,0.3,1138.0237,1174.7469
328.421,101.325,0.4714,25,13,1.7857,30.0,-0.02678,101.325,11.00492,2.62451,4.06234,0.52,70.0,333.603,366.46,0.719924,1e-06,1702.8733,1797.2722
387.368,202.65,0.3571,15,3,3.5,30.0,0.67033,202.65,5.91432,2.76272,1.77556,0.2,70.0,368.81,396.496,0.768499,1e-06,3875.7149,4105.7022
341.053,121.59,0.4714,20,13,1.7857,62.0,0.02412,121.59,9.37041,2.63642,25.12173,0.65,38.0,340.274,372.546,0.717901,0.3,1012.8108,1045.3819
353.684,101.325,0.7,20,7,2.3571,54.0,1.00114,101.325,8.09996,4.01907,21.1735,0.35,46.0,321.771,353.373,0.755584,0.3,1344.9204,1392.0362
320.0,121.59,0.4143,10,4,2.3571,38.0,-0.12438,121.59,12.40537,3.80666,1.70409,0.4,62.0,344.074,375.209,0.723421,1e-06,1990.5689,2101.597
337.496,152.0,0.6959,23,18,1.578,36.981,0.0326,152.0,9.80368,0.96744,30.44047,0.78261,63.019,336.505,366.928,0.706302,0.3,1739.4526,1793.792
395.789,101.325,0.3571,25,5,2.9286,70.0,1.08914,101.325,5.50023,1.40488,15.45196,0.2,30.0,341.482,371.478,0.774065,0.17846202,1024.9939,1071.8773
320.0,202.65,0.4714,20,16,2.9286,62.0,-0.2,202.65,12.45495,2.97261,23.68281,0.8,38.0,360.419,390.99,0.772148,0.28711648,1836.1823,1905.3383
395.789,101.325,0.3,30,19,2.3571,70.0,1.08084,101.325,5.50023,0.95144,15.87789,0.63333,30.0,346.135,373.743,0.750223,0.10704734,877.5223,920.7888
359.713,121.59,0.4064,15,5,3.2191,34.747,0.48767,121.59,7.60718,4.59824,2.03034,0.33333,65.253,344.629,375.561,0.764099,1e-06,2624.7396,2779.5553
323.929,121.59,0.6098,13,8,1.7615,32.679,-0.04399,121.59,11.72275,1.49309,18.22157,0.61538,67.321,332.443,365.11,0.712766,0.3,1779.3925,1835.9517
338.292,202.65,0.4159,14,6,2.1558,63.421,-0.13435,202.65,9.73137,3.01094,14.74442,0.42857,36.579,364.295,393.758,0.728114,0.23588064,1424.6936,1478.9181
400.0,152.0,0.3,25,15,2.3571,46.0,1.04387,152.0,5.33901,0.97834,2.8105,0.6,54.0,361.758,388.037,0.747309,1e-06,1934.9671,2046.2473
332.632,121.59,0.5286,10,7,1.7857,30.0,-0.02168,121.59,10.41601,2.13835,7.76311,0.7,70.0,336.828,369.667,0.709418,0.10659521,1866.9141,1953.502
370.526,202.65,0.7,20,5,3.5,30.0,0.78561,202.65,6.86451,4.10442,16.98713,0.25,70.0,347.46,376.821,0.805453,0.3,3864.657,4015.8372
328.421,101.325,0.4143,25,4,3.5,62.0,-0.04604,101.325,11.00492,4.74811,20.72849,0.16,38.0,337.332,369.059,0.797644,0.17932424,1484.3493,1555.475
353.684,101.325,0.4143,25,10,3.2143,62.0,0.51539,101.325,8.09996,4.47953,18.71632,0.4,38.0,337.332,369.059,0.787998,0.18523651,1391.1753,1455.9719
326.459,121.59,0.6947,21,13,3.0656,50.879,-0.00998,121.59,11.31569,1.55027,23.37244,0.61905,49.121,328.39,359.564,0.791273,0.3,1899.9493,1972.2083
395.789,121.59,0.3571,30,5,3.5,30.0,1.06637,121.59,5.50573,1.63543,3.36703,0.16667,70.0,348.29,377.689,0.799469,1e-06,2994.973,3180.1268
387.368,121.59,0.4143,10,7,2.3571,62.0,1.04458,121.59,5.89078,1.65989,8.06336,0.7,38.0,344.074,375.209,0.723421,0.22481575,1220.1082,1266.6824
324.211,152.0,0.3571,25,16,3.2143,30.0,-0.16933,152.0,11.69381,4.66718,4.06934,0.64,70.0,356.984,385.64,0.784442,1e-06,3139.5361,3330.2888
333.071,202.65,0.458,16,4,2.2474,51.487,-0.14596,202.65,10.39794,2.68471,15.34918,0.25,48.513,361.322,391.676,0.736448,0.19571368,1943.1203,2024.3302
357.895,101.325,0.4143,15,3,2.6429,62.0,0.6481,101.325,7.74456,3.38667,12.73815,0.2,38.0,337.332,369.059,0.747563,0.21001929,1206.3123,1256.2182
353.684,101.325,0.4143,30,14,2.0714,54.0,0.51539,101.325,8.09996,3.39811,21.87477,0.46667,46.0,337.332,369.059,0.738463,0.13813486,1232.0687,1288.9935
336.842,101.325,0.4714,30,5,1.5,70.0,0.09857,101.325,9.85967,2.75703,40.5132,0.16667,30.0,333.603,366.46,0.7,0.3,655.9625,676.1111
328.421,101.325,0.5857,10,3,1.5,62.0,0.03768,101.325,11.00492,1.62823,14.15287,0.3,38.0,327.162,360.573,0.7,0.3,830.8822,856.4196
341.053,152.0,0.4714,30,26,2.9286,70.0,-0.04004,152.0,9.38445,3.22445,31.33281,0.86667,30.0,348.802,380.342,0.785247,0.3,1254.2244,1301.3639
324.211,152.0,0.5286,20,13,2.0714,46.0,-0.10878,152.0,11.69381,2.10194,25.40559,0.65,54.0,345.266,377.38,0.735183,0.28602717,1771.8563,1833.3356
370.526,202.65,0.5286,30,25,1.7857,30.0,0.44171,202.65,6.86451,2.80191,16.82991,0.83333,70.0,356.766,387.919,0.721972,0.07730365,2407.8814,2527.281
357.895,101.325,0.4143,30,4,3.2143,70.0,0.6481,101.325,7.74456,3.61328,25.22293,0.13333,30.0,337.332,369.059,0.793417,0.25180092,1097.8456,1143.7614
374.737,202.65,0.5857,20,4,2.3571,62.0,0.68422,202.65,6.60125,3.3188,19.2992,0.2,38.0,353.412,384.579,0.751848,0.3,1571.6653,1626.2956
336.842,101.325,0.5857,15,8,2.3571,46.0,0.28973,101.325,9.85967,3.31095,18.02245,0.53333,54.0,327.162,360.573,0.742187,0.3,1580.4164,1634.249
348.928,152.0,0.4398,12,4,2.8496,47.445,-0.01021,152.0,8.55914,3.86701,7.97739,0.33333,52.555,350.905,381.883,0.743844,0.10306905,2159.9347,2266.6842
374.737,121.59,0.3,20,17,2.6429,54.0,0.80474,121.59,6.57498,1.5369,2.52211,0.85,46.0,352.999,380.011,0.75373,1e-06,1598.8832,1691.7576
336.842,101.325,0.5857,10,7,3.5,70.0,0.28973,101.325,9.85967,4.79763,11.76614,0.7,30.0,327.162,360.573,0.749819,0.3,1176.2164,1216.9833
368.978,202.65,0.3677,19,11,3.2052,33.15,0.03596,202.65,6.96628,4.20217,2.45121,0.57895,66.85,367.969,396.02,0.773874,1e-06,3457.4174,3664.2291
363.238,101.325,0.4231,16,12,1.5656,32.766,0.82985,101.325,7.33215,1.75642,2.17143,0.75,67.234,336.734,368.672,0.703566,1e-06,1508.3083,1589.7433
341.053,121.59,0.4714,15,12,2.0714,54.0,0.02412,121.59,9.37041,2.95965,16.26407,0.8,46.0,340.274,372.546,0.727558,0.25324463,1350.7761,1400.119
320.0,202.65,0.3,10,5,2.3571,62.0,-0.2,202.65,12.45495,5.0952,6.16938,0.5,38.0,373.664,398.991,0.721528,0.04164394,1575.2053,1658.085
378.947,202.65,0.4714,25,15,3.5,30.0,0.60608,202.65,6.3562,3.86561,3.03947,0.6,70.0,360.419,390.99,0.801589,1e-06,3865.8057,4105.7024
382.932,202.65,0.354,20,14,1.9834,37.439,0.50299,202.65,6.13957,2.18554,2.45336,0.7,62.561,369.063,396.636,0.726816,1e-06,2303.8486,2432.7024
328.088,121.59,0.4223,25,21,3.1855,44.207,-0.07971,121.59,11.06579,4.14999,3.97327,0.84,55.793,343.516,374.846,0.787456,1e-06,2222.2797,2357.7858
349.474,101.325,0.4714,15,4,2.0714,30.0,0.48302,101.325,8.48544,4.21505,2.16757,0.26667,70.0,333.603,366.46,0.727558,1e-06,1876.4516,1981.5149
387.368,202.65,0.3571,20,5,2.3571,38.0,0.67033,202.65,5.91432,1.97134,2.38825,0.25,62.0,368.81,396.496,0.744374,1e-06,2565.7451,2712.8905
358.045,121.59,0.5479,12,5,1.6865,50.858,0.67809,121.59,7.74014,3.29016,14.16542,0.41667,49.142,335.734,368.637,0.708124,0.3,1264.1367,1303.6774
373.002,121.59,0.4974,14,11,1.5849,57.754,1.00636,121.59,6.6807,1.72532,15.50229,0.78571,42.246,338.667,371.267,0.704303,0.3,1045.9485,1078.2496
378.947,202.65,0.4714,20,7,2.3571,54.0,0.60608,202.65,6.3562,3.02858,16.33222,0.35,46.0,360.419,390.99,0.748111,0.23573624,1903.0775,1978.1525
324.211,152.0,0.3,25,5,3.2143,54.0,-0.19399,152.0,11.69381,5.39202,4.07497,0.2,46.0,361.758,388.037,0.780887,1e-06,2063.6659,2188.5599
378.947,121.59,0.3571,10,5,2.9286,46.0,1.00462,121.59,6.3309,1.76193,1.24448,0.5,54.0,348.29,377.689,0.733704,1e-06,2027.2945,2141.7243
336.842,101.325,0.3,10,6,1.5,30.0,-0.04801,101.325,9.85967,3.78496,1.56072,0.6,70.0,346.135,373.743,0.7,1e-06,1530.5574,1612.9566
395.789,101.325,0.4143,30,5,2.0714,38.0,1.09801,101.325,5.50023,1.29238,3.44321,0.16667,62.0,337.332,369.059,0.738463,1e-06,1660.6613,1754.8648
327.246,121.59,0.6368,22,13,3.3553,57.59,-0.0199,121.59,11.19376,2.11297,23.68208,0.59091,42.41,331.097,363.442,0.801628,0.3,1755.8354,1824.0882
349.474,202.65,0.6429,15,8,1.5,30.0,-0.00438,202.65,8.52787,1.09267,18.97211,0.53333,70.0,350.321,380.908,0.7,0.3,2164.5505,2231.1038
378.947,121.59,0.4143,20,7,2.0714,30.0,1.01371,121.59,6.3309,1.52909,2.48995,0.35,70.0,344.074,375.209,0.732553,1e-06,2054.7857,2170.5511
376.464,202.65,0.4347,26,22,2.3899,60.061,0.45224,202.65,6.49864,3.20332,20.4649,0.84615,39.939,362.942,392.842,0.754676,0.22199333,1667.5959,1736.0502
329.4,121.59,0.5848,19,5,2.405,60.183,-0.0224,121.59,10.87127,2.06815,23.13397,0.26316,39.817,333.735,366.579,0.752582,0.3,1293.7029,1338.9141
341.053,152.0,0.6429,30,10,3.2143,70.0,0.0632,152.0,9.38445,2.06804,29.36225,0.33333,30.0,339.059,370.598,0.808515,0.3,1343.0351,1395.9542
356.084,121.59,0.6976,13,5,1.5357,43.112,0.89494,121.59,7.90183,3.21372,15.7722,0.38462,56.888,328.256,359.351,0.701923,0.3,1381.8908,1424.4141
349.474,101.325,0.3571,10,7,2.9286,62.0,0.26641,101.325,8.48544,5.77038,7.25568,0.7,38.0,341.482,371.478,0.733704,0.12634762,1302.2975,1363.2029
389.131,202.65,0.4043,12,5,1.8558,63.07,0.8222,202.65,5.82916,1.63813,9.79269,0.41667,36.93,365.155,394.316,0.713599,0.22316768,1303.1533,1352.1347
395.642,121.59,0.5919,23,20,2.5197,67.184,1.10808,121.59,5.51207,2.35444,19.38757,0.86957,32.816,333.36,366.165,0.764532,0.3,1101.2044,1140.3325
361.637,101.325,0.5011,24,19,2.0593,35.459,0.89797,101.325,7.45152,2.51414,13.41814,0.79167,64.541,331.808,365.026,0.737106,0.07166955,1722.0249,1810.1811
353.684,121.59,0.3571,10,7,2.6429,30.0,0.18348,121.59,8.10806,5.10589,1.41389,0.7,70.0,348.29,377.689,0.72841,1e-06,2437.7986,2574.5443
377.849,121.59,0.3782,24,19,3.1996,40.269,1.00387,121.59,6.39291,1.88486,2.94793,0.79167,59.731,346.684,376.794,0.783836,1e-06,2387.8805,2532.478
351.399,152.0,0.6018,14,11,2.1244,34.607,0.31952,152.0,8.32602,2.72242,16.08835,0.78571,65.393,341.168,373.186,0.730464,0.3,2183.547,2255.8891
325.346,101.325,0.4764,22,6,2.3687,32.07,-0.04108,101.325,11.48033,3.07158,3.59846,0.27273,67.93,333.298,366.225,0.751359,1e-06,1993.5119,2109.1367
370.526,202.65,0.5286,15,4,2.3571,38.0,0.44171,202.65,6.86451,3.46783,11.33689,0.26667,62.0,356.766,387.919,0.740667,0.18252086,2566.4699,2676.8038
336.842,121.59,0.4714,20,3,2.9286,54.0,-0.01773,121.59,9.86953,3.5257,18.21369,0.15,46.0,340.274,372.546,0.772148,0.21525992,1721.7968,1795.9256
395.789,121.59,0.5286,15,12,2.0714,54.0,1.09578,121.59,5.50573,1.85434,13.94401,0.8,46.0,336.828,369.667,0.728628,0.3,1350.7471,1394.9802
349.474,202.65,0.3571,20,10,2.0714,38.0,-0.0999,202.65,8.52787,3.30395,2.8932,0.5,62.0,368.81,396.496,0.731237,1e-06,2349.6957,2482.2274
395.789,121.59,0.5286,30,16,2.3571,30.0,1.09578,121.59,5.50573,1.95536,3.42001,0.53333,70.0,336.828,369.667,0.759053,1e-06,2241.3722,2372.3646
367.437,121.59,0.5972,23,20,3.0338,49.106,1.00579,121.59,7.04221,3.49674,20.74545,0.86957,50.894,333.089,365.859,0.788641,0.3,1953.5458,2027.2054
338.237,152.0,0.3948,26,5,3.1128,65.453,-0.08197,152.0,9.71369,4.16725,21.52305,0.19231,34.547,354.102,383.974,0.784375,0.18921826,1512.1275,1581.8589
349.474,202.65,0.3571,30,5,2.9286,70.0,-0.0999,202.65,8.52787,3.99864,22.98181,0.16667,30.0,368.81,396.496,0.778626,0.17650719,1448.9148,1516.5309
341.053,121.59,0.3571,20,13,1.7857,54.0,-0.03739,121.59,9.37041,3.49142,11.62219,0.65,46.0,348.29,377.689,0.71651,0.05101509,1226.1538,1288.9957
353.684,101.325,0.7,30,10,3.5,38.0,1.00114,101.325,8.09996,4.78537,26.20155,0.33333,62.0,321.771,353.373,0.824598,0.3,2416.8378,2515.0476
365.396,152.0,0.3124,11,5,1.7618,64.414,0.17561,152.0,7.19467,3.12416,6.86894,0.45455,35.586,360.681,387.531,0.708538,0.0934827,1052.1474,1101.8854
378.947,121.59,0.3571,30,8,3.5,70.0,1.00462,121.59,6.3309,1.84137,18.54159,0.26667,30.0,348.29,377.689,0.799469,0.16757446,1283.5744,1346.2041
370.526,152.0,0.3,25,4,2.3571,46.0,0.33367,152.0,6.84744,2.84816,3.22802,0.16,54.0,361.758,388.037,0.747309,1e-06,1934.9205,2046.4027
357.895,101.325,0.4714,25,21,1.7857,70.0,0.73931,101.325,7.74456,2.65415,28.5672,0.84,30.0,333.603,366.46,0.719924,0.3,729.8371,753.2918
327.745,152.0,0.6671,30,5,1.5437,51.356,-0.0523,152.0,11.13438,1.00812,42.2083,0.16667,48.644,337.867,368.968,0.703842,0.3,1325.0485,1366.2589
395.789,101.325,0.3,15,5,2.0714,62.0,1.08084,101.325,5.50023,0.87865,6.1673,0.33333,38.0,346.135,373.743,0.724347,0.03991639,1018.95,1072.3711
357.895,202.65,0.4714,20,5,1.5,38.0,-0.01304,202.65,7.78328,1.99681,13.40573,0.25,62.0,360.419,390.99,0.7,0.09849624,1917.1701,2005.8236
374.737,202.65,0.3,30,21,3.5,54.0,0.04235,202.65,6.60125,4.32713,3.73159,0.7,46.0,373.664,398.991,0.795281,1e-06,2541.6077,2698.1006
397.086,202.65,0.667,17,13,2.4506,66.894,1.06543,202.65,5.47252,2.7009,14.71058,0.76471,33.106,349.088,379.241,0.753426,0.3,1407.2419,1456.1037
328.421,121.59,0.5286,20,3,2.6429,30.0,-0.04344,121.59,11.01593,2.68146,3.20218,0.15,70.0,336.828,369.667,0.763177,1e-06,2431.2504,2574.6093
353.684,101.325,0.7,25,3,2.9286,54.0,1.00114,101.325,8.09996,4.40665,23.89014,0.12,46.0,321.771,353.373,0.792776,0.3,1569.318,1629.0019
341.053,152.0,0.3571,20,9,2.9286,54.0,-0.08231,152.0,9.38445,4.50377,7.5126,0.45,46.0,356.984,385.64,0.766545,0.00839328,1925.9205,2038.8337
328.421,101.325,0.5286,20,3,1.5,46.0,-0.00935,101.325,11.00492,1.92908,28.30574,0.15,54.0,330.231,363.646,0.7,0.3,1180.7227,1217.0328
341.053,152.0,0.3571,30,6,1.7857,30.0,-0.08231,152.0,9.38445,3.25275,4.55168,0.2,70.0,356.984,385.64,0.719508,1e-06,2085.7209,2201.3471
378.947,202.65,0.4143,20,13,3.2143,46.0,0.49391,202.65,6.3562,3.71005,2.45352,0.65,54.0,364.416,393.838,0.779063,1e-06,2797.723,2966.1535
353.684,121.59,0.5286,10,3,2.0714,70.0,0.5133,121.59,8.10806,4.15329,11.75122,0.3,30.0,336.828,369.667,0.71782,0.3,881.6248,909.8715
400.0,152.0,0.5857,15,9,3.5,46.0,1.09477,152.0,5.33901,3.06514,11.88997,0.6,54.0,342.031,374.153,0.780036,0.3,2587.1423,2682.7859
374.737,202.65,0.4714,20,3,2.9286,70.0,0.46835,202.65,6.60125,3.86305,18.25395,0.15,30.0,360.419,390.99,0.772148,0.3,1449.702,1502.4895
340.594,152.0,0.5762,13,5,1.8072,35.684,-0.01012,152.0,9.43679,1.72492,16.53362,0.38462,64.316,342.553,374.713,0.714551,0.3,1931.8655,1993.5014
325.066,121.59,0.6529,28,5,3.3738,33.211,-0.02716,121.59,11.53682,1.93403,29.49323,0.17857,66.789,330.324,362.412,0.813729,0.3,2774.3179,2884.8603
335.009,121.59,0.6394,24,13,2.0702,34.561,0.12488,121.59,10.10132,1.75894,29.2177,0.54167,65.439,330.974,363.282,0.74123,0.3,1918.8441,1984.0992
378.947,202.65,0.4143,10,7,2.9286,46.0,0.49391,202.65,6.3562,3.84777,4.33957,0.7,54.0,364.416,393.838,0.735123,0.03765111,2616.9103,2757.4592
381.993,202.65,0.3648,26,14,1.6768,69.991,0.49351,202.65,6.18937,2.03797,21.60364,0.53846,30.009,368.198,396.15,0.711857,0.21596128,992.7018,1030.4624
324.211,121.59,0.6429,20,13,2.6429,38.0,-0.03407,121.59,11.67631,1.72545,24.04899,0.65,62.0,330.804,363.059,0.767901,0.3,2152.6088,2230.4692
336.842,101.325,0.7,15,11,1.7857,62.0,0.47691,101.325,9.85967,2.28713,19.32727,0.73333,38.0,321.771,353.373,0.716828,0.3,924.6603,954.2373
374.737,121.59,0.4143,15,8,3.5,70.0,0.98484,121.59,6.57498,2.48454,12.52367,0.53333,30.0,344.074,375.209,0.771383,0.26124384,1286.3665,1336.8923
332.632,121.59,0.3,15,8,3.2143,62.0,-0.10523,121.59,10.41601,6.11718,6.87336,0.53333,38.0,352.999,380.011,0.759133,0.01859598,1527.3081,1614.7618
336.842,121.59,0.6429,20,4,1.5,30.0,0.18719,121.59,9.86953,1.53629,27.02059,0.2,70.0,330.804,363.059,0.7,0.3,1676.6634,1728.1731
332.632,101.325,0.4143,15,8,1.5,62.0,-0.02429,101.325,10.40561,2.86912,17.52786,0.53333,38.0,337.332,369.059,0.7,0.2391705,830.8745,860.3299
374.737,121.59,0.3,15,10,1.7857,46.0,0.80474,121.59,6.57498,1.13583,1.91846,0.66667,54.0,352.999,380.011,0.712868,1e-06,1439.8441,1518.6772
374.737,202.65,0.4714,25,7,2.6429,70.0,0.46835,202.65,6.60125,3.5335,23.09869,0.28,30.0,360.419,390.99,0.767688,0.3,1344.7344,1393.2112
324.211,121.59,0.5286,30,11,2.3571,46.0,-0.06519,121.59,11.67631,2.38682,33.45354,0.36667,54.0,336.828,369.667,0.759053,0.25800577,1728.9763,1795.9413
354.254,101.325,0.595,24,13,2.7048,44.602,0.82639,101.325,8.05021,4.17276,24.00471,0.54167,55.398,326.689,360.044,0.775214,0.3,1784.7109,1850.1204
387.368,202.65,0.5286,10,4,3.2143,38.0,0.98233,202.65,5.91432,3.22422,6.85907,0.4,62.0,356.766,387.919,0.74328,0.17825823,3221.1142,3361.2207
374.737,202.65,0.6429,25,18,3.2143,62.0,0.79824,202.65,6.60125,3.89193,20.99265,0.72,38.0,350.321,380.908,0.802219,0.3,1965.2685,2041.5343
328.421,101.325,0.5286,15,4,2.9286,30.0,-0.00935,101.325,11.00492,3.14077,2.40257,0.26667,70.0,330.231,363.646,0.760985,1e-06,2393.9044,2534.5909
332.632,101.325,0.5857,10,4,2.0714,70.0,0.1637,101.325,10.40561,2.5745,13.1278,0.4,30.0,327.162,360.573,0.718486,0.3,804.7537,830.6443
373.748,202.65,0.4873,22,6,2.3964,63.907,0.46699,202.65,6.66136,3.39499,21.25721,0.27273,36.093,359.37,390.16,0.753113,0.3,1510.1185,1562.8109
323.208,121.59,0.5946,30,22,1.9966,40.182,-0.05173,121.59,11.8434,1.6783,39.35699,0.73333,59.818,333.221,366.008,0.738235,0.3,1712.3126,1770.2196
344.141,101.325,0.5425,17,11,2.594,50.307,0.43886,101.325,9.0223,4.69672,18.93513,0.64706,49.693,329.454,362.92,0.755395,0.3,1555.3815,1609.972
335.149,202.65,0.6466,13,8,2.3473,38.174,-0.07737,202.65,10.12355,1.47465,15.99136,0.61538,61.826,350.125,380.651,0.737796,0.3,2552.2683,2638.5187
354.781,101.325,0.5275,25,8,2.178,64.502,0.73306,101.325,8.00463,3.54865,27.05517,0.32,35.498,330.289,363.699,0.745493,0.3,983.2608,1016.908
386.143,101.325,0.6932,12,6,2.9795,51.058,1.1184,101.325,5.94521,3.55447,10.83705,0.5,48.942,322.068,353.851,0.755207,0.3,1696.2914,1755.531
378.947,202.65,0.5286,25,9,2.9286,62.0,0.71202,202.65,6.3562,3.45557,21.67629,0.36,38.0,356.766,387.919,0.78342,0.3,1834.6969,1903.1287
357.895,101.325,0.3571,10,3,3.5,62.0,0.54715,101.325,7.74456,4.31039,6.72483,0.3,38.0,341.482,371.478,0.742638,0.12087165,1490.705,1562.0851
357.895,202.65,0.3,10,6,2.9286,46.0,-0.08148,202.65,7.78328,4.97874,1.38444,0.6,54.0,373.664,398.991,0.732284,1e-06,2617.4274,2765.2369
387.368,121.59,0.5286,10,7,2.0714,70.0,1.06491,121.59,5.89078,2.0559,9.95742,0.7,30.0,336.828,369.667,0.71782,0.3,881.6725,909.7127
370.526,202.65,0.3,15,5,1.5,46.0,-0.01621,202.65,6.86451,2.62586,1.97066,0.33333,54.0,373.664,398.991,0.7,1e-06,1669.7916,1759.6542
400.0,202.65,0.4143,30,12,2.9286,46.0,1.0226,202.65,5.35232,1.76188,3.3345,0.4,54.0,364.416,393.838,0.781937,1e-06,2607.5075,2764.9242
328.421,121.59,0.5286,20,3,1.5,62.0,-0.04344,121.59,11.01593,1.82653,28.31753,0.15,38.0,336.828,369.667,0.7,0.3,910.1722,938.2062
357.895,202.65,0.3571,30,9,1.7857,38.0,-0.0564,202.65,7.78328,2.90848,4.17138,0.3,62.0,368.81,396.496,0.719508,1e-06,2133.0574,2251.2822
378.947,202.65,0.4714,10,5,2.0714,30.0,0.60608,202.65,6.3562,2.93939,1.2542,0.5,70.0,360.419,390.99,0.717153,1e-06,2655.8346,2802.269
398.572,202.65,0.6123,12,4,1.7318,65.935,1.05741,202.65,5.41059,1.99247,11.61227,0.33333,34.065,351.942,382.914,0.710422,0.3,1150.1934,1186.1334
336.842,121.59,0.4714,15,6,2.6429,54.0,-0.01773,121.59,9.86953,3.40179,15.07164,0.4,46.0,340.274,372.546,0.749484,0.23456634,1599.3715,1662.9317
376.387,121.59,0.5562,26,16,2.2837,67.955,1.03007,121.59,6.47725,2.43466,24.73927,0.61538,32.045,335.275,368.185,0.753284,0.3,1004.0832,1038.9544
400.0,152.0,0.5286,25,13,2.9286,70.0,1.08294,152.0,5.33901,2.27286,19.63235,0.52,30.0,345.266,377.38,0.78342,0.3,1254.5005,1301.0344
324.211,121.59,0.5286,20,14,2.9286,62.0,-0.06519,121.59,11.67631,2.84551,23.58757,0.7,38.0,336.828,369.667,0.77495,0.3,1422.032,1474.3213
365.013,121.59,0.4158,16,7,2.4278,32.701,0.67507,121.59,7.21103,2.89022,2.12513,0.4375,67.299,343.97,375.142,0.742462,1e-06,2203.0326,2329.0301
328.421,121.59,0.4143,20,12,2.3571,62.0,-0.08087,121.59,11.01593,3.57479,20.00607,0.6,38.0,344.074,375.209,0.746242,0.21082833,1217.8809,1268.2744
398.072,101.325,0.3923,23,3,2.3965,58.327,1.10289,101.325,5.40426,1.33536,13.15347,0.13043,41.673,338.875,370.01,0.750781,0.13617706,1233.1803,1291.3268
357.895,101.325,0.4714,30,6,2.9286,38.0,0.73931,101.325,7.74456,3.55157,4.06363,0.2,62.0,333.603,366.46,0.785247,1e-06,2116.3763,2244.8119
395.655,101.325,0.6426,28,19,1.7165,52.71,1.14102,101.325,5.50597,1.95673,26.82188,0.67857,47.29,324.368,357.196,0.717777,0.3,1122.1148,1157.7934
400.0,202.65,0.3,20,13,2.0714,54.0,1.0037,202.65,5.35232,0.92485,2.26544,0.65,46.0,373.664,398.991,0.729922,1e-06,1743.5736,1841.4048
370.526,202.65,0.7,15,8,1.7857,38.0,0.78561,202.65,6.86451,2.75199,16.26924,0.53333,62.0,347.46,376.821,0.716828,0.3,2133.5595,2201.8173
336.842,101.325,0.3,25,8,3.5,70.0,-0.04801,101.325,9.85967,6.08337,15.7356,0.32,30.0,346.135,373.743,0.789753,0.09010565,1172.5679,1236.1129
349.474,202.65,0.3,25,21,1.5,70.0,-0.12499,202.65,8.52787,3.02707,19.40764,0.84,30.0,373.664,398.991,0.7,0.12857143,927.621,968.5553
357.52,101.325,0.489,24,18,3.4885,46.743,0.75527,101.325,7.77502,4.17955,15.10794,0.75,53.257,332.53,365.618,0.800732,0.13387303,2074.5693,2181.5885
389.384,121.59,0.5125,12,8,2.0177,37.992,1.06924,121.59,5.79396,1.87363,8.3874,0.66667,62.008,337.764,370.5,0.72065,0.17281363,1790.0063,1865.1774
349.474,101.325,0.4143,20,13,1.5,70.0,0.38268,101.325,8.48544,3.42449,24.66694,0.65,30.0,337.332,369.059,0.7,0.29183673,655.974,676.4843
378.947,121.59,0.4143,20,5,2.6429,38.0,1.01371,121.59,6.3309,1.83795,2.46721,0.25,62.0,344.074,375.209,0.758454,1e-06,2154.2387,2280.1687
362.768,152.0,0.692,18,14,2.7647,48.335,0.85435,152.0,7.38524,4.09212,17.4672,0.77778,51.665,336.688,367.214,0.77086,0.3,2072.2537,2147.4791
328.421,101.325,0.5286,25,19,1.7857,70.0,-0.00935,101.325,11.00492,2.15113,33.39895,0.76,30.0,330.231,363.646,0.720697,0.3,729.7599,753.4042
358.541,152.0,0.604,10,5,3.406,46.646,0.54645,152.0,7.71171,5.24592,10.53169,0.5,53.354,341.054,373.055,0.748817,0.3,2508.7275,2595.4733
336.466,202.65,0.348,19,4,3.3002,44.085,-0.17094,202.65,9.95601,4.68151,2.90026,0.21053,55.915,369.55,396.903,0.775589,1e-06,2956.7,3134.2482
400.0,152.0,0.5857,20,11,1.5,62.0,1.09477,152.0,5.33901,1.62671,19.76918,0.55,38.0,342.031,374.153,0.7,0.3,1017.7503,1048.6396
324.211,152.0,0.3,30,23,2.3571,70.0,-0.19399,152.0,11.69381,4.41873,22.90291,0.76667,30.0,361.758,388.037,0.750223,0.10704734,1074.6471,1128.2376
324.826,121.59,0.6712,28,22,2.8125,48.489,-0.02395,121.59,11.57563,1.56957,31.64965,0.78571,51.511,329.462,361.194,0.78905,0.3,1868.6399,1939.3914
371.855,152.0,0.5115,23,17,3.0404,42.219,0.79883,152.0,6.76252,3.44675,14.09169,0.73913,57.781,346.291,378.292,0.784146,0.13827143,2484.692,2608.6619
355.601,121.59,0.6781,12,6,3.3908,46.809,0.83775,121.59,7.94254,5.56787,12.26437,0.5,53.191,329.144,360.725,0.764995,0.3,2226.506,2306.3158
334.625,152.0,0.3866,29,3,2.0587,59.115,-0.10378,152.0,10.16628,3.27944,23.96785,0.10345,40.885,354.711,384.342,0.736615,0.14460878,1335.8078,1396.8995
374.737,121.59,0.5857,25,20,1.7857,46.0,1.03011,121.59,6.57498,2.26904,26.17007,0.8,54.0,333.686,366.525,0.721471,0.3,1438.9185,1485.3544
336.842,121.59,0.7,20,6,2.3571,30.0,0.28011,121.59,9.86953,1.8404,23.17351,0.3,70.0,328.15,359.18,0.755584,0.3,2241.9013,2320.6869
395.789,101.325,0.5286,25,3,2.3571,38.0,1.11786,101.325,5.50023,1.93363,15.21481,0.12,62.0,330.231,363.646,0.755627,0.15811157,1812.7419,1895.9784
378.947,121.59,0.5857,25,13,2.3571,70.0,1.04555,121.59,6.3309,2.57923,23.21371,0.52,30.0,333.686,366.525,0.757707,0.3,960.7162,994.3842
370.526,152.0,0.7,20,9,3.2143,62.0,1.01429,152.0,6.84744,4.08945,17.46718,0.45,38.0,336.316,366.629,0.795035,0.3,1703.0052,1768.0416
365.151,152.0,0.3513,30,13,2.8016,37.602,0.27085,152.0,7.21202,3.95914,3.94077,0.43333,62.398,357.447,385.891,0.772996,1e-06,2526.82,2677.7371
378.947,202.65,0.4143,20,10,2.6429,62.0,0.49391,202.65,6.3562,3.23482,14.73798,0.5,38.0,364.416,393.838,0.758454,0.20334395,1704.5389,1777.476
320.0,121.59,0.3571,15,9,2.9286,30.0,-0.14617,121.59,12.40537,5.00046,2.52886,0.6,70.0,348.29,377.689,0.754146,1e-06,2623.7385,2776.6302
349.474,101.325,0.3571,25,14,2.3571,46.0,0.26641,101.325,8.48544,4.36713,3.58522,0.56,54.0,341.482,371.478,0.749389,1e-06,1579.5366,1670.8155
387.368,121.59,0.7,15,11,3.2143,70.0,1.10336,121.59,5.89078,3.6194,12.6824,0.73333,30.0,328.15,359.18,0.777328,0.3,1204.1822,1248.2582
371.009,202.65,0.6319,20,6,2.1169,56.609,0.65418,202.65,6.83337,3.05763,20.29051,0.3,43.391,350.895,381.641,0.740199,0.3,1667.7282,1724.1677
364.352,121.59,0.624,23,7,3.026,50.107,1.00039,121.59,7.25841,3.76435,20.99921,0.30435,49.893,331.73,364.244,0.7898,0.3,1911.2798,1983.5297
374.434,101.325,0.4855,18,4,1.9392,62.636,1.0317,101.325,6.58665,1.84737,18.66459,0.22222,37.364,332.74,365.787,0.725244,0.3,958.676,989.8352
336.842,121.59,0.4714,20,11,3.5,46.0,-0.01773,121.59,9.86953,3.99553,12.806,0.55,54.0,340.274,372.546,0.791274,0.0959577,2311.8174,2436.2591
336.842,121.59,0.6429,20,3,3.2143,38.0,0.18719,121.59,9.86953,2.60122,20.97187,0.15,62.0,330.804,363.059,0.79184,0.3,2485.6862,2580.2823
395.789,121.59,0.6429,15,11,2.9286,54.0,1.12001,121.59,5.50573,2.96101,12.60049,0.73333,46.0,330.804,363.059,0.765545,0.3,1722.7723,1784.3262
336.842,121.59,0.5286,30,21,1.5,38.0,0.00042,121.59,9.86953,1.87256,35.1874,0.7,62.0,336.828,369.667,0.7,0.24887217,1485.0371,1536.5285
370.526,202.65,0.5286,15,4,2.9286,54.0,0.44171,202.65,6.86451,4.03498,14.40892,0.26667,46.0,356.766,387.919,0.760985,0.3,2224.7793,2303.8671
324.211,152.0,0.4714,20,16,2.9286,30.0,-0.12706,152.0,11.69381,3.22639,3.2709,0.8,70.0,348.802,380.342,0.772148,1e-06,2929.4792,3104.475
353.684,101.325,0.6429,30,17,2.6429,30.0,0.89357,101.325,8.09996,4.1159,29.68158,0.56667,70.0,324.354,357.178,0.780229,0.3,2216.5437,2298.6987
322.123,101.325,0.6184,25,14,3.3851,50.49,-0.01758,101.325,12.01668,2.31696,27.25206,0.56,49.51,325.525,358.674,0.807451,0.3,1883.1761,1957.2555
324.211,121.59,0.4143,20,11,1.5,30.0,-0.10263,121.59,11.67631,2.67396,3.3521,0.55,70.0,344.074,375.209,0.7,1e-06,1676.6267,1766.9552
324.211,152.0,0.3571,10,6,2.3571,38.0,-0.16933,152.0,11.69381,4.24481,1.66464,0.6,62.0,356.984,385.64,0.722475,1e-06,2225.7636,2349.7994
349.474,202.65,0.3,25,15,1.7857,38.0,-0.12499,202.65,8.52787,3.34946,3.63324,0.6,62.0,373.664,398.991,0.717602,1e-06,2133.346,2251.363
349.474,101.325,0.4143,30,25,2.3571,30.0,0.38268,101.325,8.48544,4.28365,4.29416,0.83333,70.0,337.332,369.059,0.754638,1e-06,2046.7205,2165.8642
324.211,121.59,0.5286,30,12,2.0714,54.0,-0.06519,121.59,11.67631,2.19947,38.77403,0.4,46.0,336.828,369.667,0.741571,0.3,1349.2992,1395.3178
386.402,202.65,0.3983,15,3,3.2191,68.883,0.71726,202.65,5.96206,2.80762,11.33073,0.2,31.117,365.604,394.6,0.763727,0.23319264,1615.9357,1681.9862
400.0,202.65,0.5857,20,10,3.2143,54.0,1.05654,202.65,5.35232,2.83574,15.50338,0.5,46.0,353.412,384.579,0.788646,0.3,2381.5418,2471.2273
332.632,101.325,0.3571,30,27,2.3571,54.0,-0.04573,101.325,10.40561,4.26985,14.10368,0.9,46.0,341.482,371.478,0.75243,0.02041636,1345.1952,1421.2353
336.842,121.59,0.5286,25,5,1.7857,38.0,0.00042,121.59,9.86953,2.09028,25.52502,0.2,62.0,336.828,369.667,0.720697,0.21510296,1652.1233,1716.4266
320.0,121.59,0.3,25,6,2.3571,70.0,-0.17049,121.59,12.40537,4.78612,19.7186,0.24,30.0,352.999,380.011,0.747309,0.108296,961.3766,1008.9709
326.195,101.325,0.6889,22,13,2.1977,47.246,0.12354,101.325,11.34571,1.49828,27.55456,0.59091,52.754,322.255,354.147,0.748744,0.3,1469.8807,1520.7456
378.947,121.59,0.5857,15,12,3.5,70.0,1.04555,121.59,6.3309,3.60716,13.09954,0.8,30.0,333.686,366.525,0.780036,0.3,1285.527,1332.9706
341.053,121.59,0.3571,25,20,2.3571,70.0,-0.03739,121.59,9.37041,4.05834,21.92277,0.8,30.0,348.29,377.689,0.749389,0.18903742,961.2588,1002.8612
341.053,121.59,0.5286,25,5,2.0714,54.0,0.12864,121.59,9.37041,2.72227,29.61449,0.2,46.0,336.828,369.667,0.739159,0.3,1349.574,1395.2383
400.0,152.0,0.5286,10,3,1.7857,54.0,1.08294,152.0,5.33901,1.66528,9.62744,0.3,46.0,345.266,377.38,0.709418,0.3,1371.7842,1414.6044
332.632,121.59,0.3,25,15,2.9286,46.0,-0.10523,121.59,10.41601,5.33252,3.89799,0.6,54.0,352.999,380.011,0.770946,1e-06,2021.4043,2141.965
353.684,121.59,0.5286,15,4,2.9286,46.0,0.5133,121.59,8.10806,4.97321,14.10072,0.26667,54.0,336.828,369.667,0.760985,0.2557379,2023.0131,2101.8386
327.18,202.65,0.3564,20,14,2.2104,50.869,-0.2,202.65,11.24868,3.5322,3.25958,0.7,49.131,368.869,396.529,0.737796,1e-06,1945.2388,2056.2024
370.526,152.0,0.7,15,4,2.3571,30.0,1.01429,152.0,6.84744,3.49669,15.02542,0.26667,70.0,336.316,366.629,0.745228,0.3,2508.6692,2594.5789
374.737,202.65,0.6429,25,18,1.7857,30.0,0.79824,202.65,6.60125,2.77346,26.16943,0.72,70.0,350.321,380.908,0.722245,0.3,2407.8503,2485.9327
341.053,121.59,0.5857,15,12,2.3571,62.0,0.22434,121.59,9.37041,2.86574,17.62163,0.8,38.0,333.686,366.525,0.742187,0.3,1218.2944,1259.7889
332.632,121.59,0.5286,10,4,2.3571,30.0,-0.02168,121.59,10.41601,2.69017,6.5727,0.4,70.0,336.828,369.667,0.725314,0.06950656,2247.1215,2360.6345
341.053,121.59,0.5286,25,11,3.5,46.0,0.12864,121.59,9.37041,3.80829,20.0773,0.44,54.0,336.828,369.667,0.805534,0.20344107,2309.2765,2416.9898
374.737,121.59,0.3,25,11,1.5,62.0,0.80474,121.59,6.57498,0.98314,12.74458,0.44,38.0,352.999,380.011,0.7,0.05483871,910.2148,955.2146
374.737,121.59,0.5857,20,11,2.9286,70.0,1.03011,121.59,6.57498,3.16127,17.93665,0.55,30.0,333.686,366.525,0.777752,0.3,1122.4858,1163.6973
328.421,101.325,0.4143,15,5,1.5,46.0,-0.04604,101.325,11.00492,2.85996,10.88528,0.33333,54.0,337.332,369.059,0.7,0.07888199,1180.7135,1237.1298
374.737,202.65,0.6429,15,12,2.9286,30.0,0.79824,202.65,6.60125,3.94468,13.94099,0.8,70.0,350.321,380.908,0.765545,0.3,3384.348,3505.8635
323.083,202.65,0.3742,16,8,1.8496,53.914,-0.2,202.65,11.91179,3.07263,11.78699,0.5,46.086,367.457,395.723,0.717348,0.08078544,1622.1153,1701.94
349.474,202.65,0.3571,25,19,1.5,62.0,-0.0999,202.65,8.52787,2.6908,20.56482,0.76,38.0,368.81,396.496,0.7,0.14700461,1175.0072,1225.1031
357.895,202.65,0.4143,25,18,1.5,54.0,-0.03369,202.65,7.78328,2.32036,21.14076,0.72,46.0,364.416,393.838,0.7,0.17089947,1422.408,1480.3044
387.368,202.65,0.3,15,11,1.7857,30.0,0.5411,202.65,5.91432,1.53081,1.81059,0.73333,70.0,373.664,398.991,0.712868,1e-06,2409.5689,2541.6117
374.737,202.65,0.3,15,3,2.0714,30.0,0.04235,202.65,6.60125,3.19906,1.91514,0.2,70.0,373.664,398.991,0.724347,1e-06,2654.3324,2802.3753
387.368,202.65,0.7,30,18,3.2143,46.0,1.03867,202.65,5.91432,3.37522,23.06033,0.6,54.0,347.46,376.821,0.812289,0.3,2790.581,2901.0959
344.304,152.0,0.4151,14,7,2.3822,67.994,-0.04301,152.0,9.02758,3.53345,15.01492,0.5,32.006,352.627,383.044,0.736205,0.2640121,1156.3451,1198.4865
324.211,152.0,0.3,30,16,1.7857,38.0,-0.19399,152.0,11.69381,3.80763,5.0003,0.53333,62.0,361.758,388.037,0.718686,1e-06,1847.4325,1949.8882
362.792,101.325,0.4393,30,19,3.4561,52.248,0.84043,101.325,7.36506,3.10494,16.90611,0.63333,47.752,335.651,367.945,0.803966,0.10602832,1846.2399,1945.9221
378.947,202.65,0.6429,20,14,2.0714,38.0,0.93589,202.65,6.3562,2.86095,19.65455,0.7,62.0,350.321,380.908,0.737814,0.3,2348.5928,2427.6253
349.474,202.65,0.3,15,8,2.9286,62.0,-0.12499,202.65,8.52787,4.82993,6.62156,0.53333,38.0,373.664,398.991,0.751866,0.02304994,1839.0904,1942.716
353.684,101.325,0.6429,25,22,1.7857,54.0,0.89357,101.325,8.09996,3.43359,29.00648,0.88,46.0,324.354,357.178,0.722245,0.3,1118.8734,1155.0816
372.7,152.0,0.5076,10,7,1.5241,40.295,0.81867,152.0,6.70948,2.15011,9.02208,0.7,59.705,346.528,378.497,0.700825,0.22121255,1614.287,1673.617
341.053,121.59,0.3571,30,15,2.0714,46.0,-0.03739,121.59,9.37041,3.73575,4.52169,0.5,54.0,348.29,377.689,0.736909,1e-06,1584.5401,1674.5862
341.053,121.59,0.5286,30,5,1.7857,38.0,0.12864,121.59,9.37041,2.48025,29.68811,0.16667,62.0,336.828,369.667,0.721972,0.21302328,1651.9672,1716.6713
341.053,121.59,0.3571,10,5,2.9286,46.0,-0.03739,121.59,9.37041,5.34677,1.50891,0.5,54.0,348.29,377.689,0.733704,1e-06,2027.2409,2141.903
328.421,101.325,0.4714,25,19,1.5,30.0,-0.02678,101.325,11.00492,2.36633,4.08916,0.76,70.0,333.603,366.46,0.7,1e-06,1530.5628,1612.9389
400.0,202.65,0.3571,10,6,2.6429,70.0,1.01285,202.65,5.35232,1.4757,7.03299,0.6,30.0,368.81,396.496,0.72841,0.19802856,1348.8461,1403.7027
353.684,121.59,0.7,10,7,2.9286,62.0,0.82288,121.59,8.10806,5.19811,10.98712,0.7,38.0,328.15,359.18,0.742218,0.3,1425.6843,1474.1413
357.895,101.325,0.7,20,16,3.2143,30.0,1.01658,101.325,7.74456,4.58012,18.58496,0.8,70.0,321.771,353.373,0.795035,0.3,2561.3035,2659.2695
395.789,121.59,0.6429,25,15,2.6429,54.0,1.12001,121.59,5.50573,2.60353,20.43,0.6,46.0,330.804,363.059,0.775574,0.3,1596.2488,1654.5347
353.684,101.325,0.4143,25,16,2.6429,38.0,0.51539,101.325,8.09996,3.95901,3.48733,0.64,62.0,337.332,369.059,0.76506,1e-06,1965.515,2081.5794
332.632,121.59,0.3571,15,8,2.3571,38.0,-0.0809,121.59,10.41601,4.32484,2.3684,0.53333,62.0,348.29,377.689,0.736106,1e-06,1988.6365,2101.5574
349.957,121.59,0.647,22,14,2.5401,42.589,0.60118,121.59,8.44799,3.87059,23.06299,0.63636,57.411,330.606,362.794,0.766432,0.3,1937.3446,2007.0348
320.0,121.59,0.3,10,4,3.5,30.0,-0.17049,121.59,12.40537,7.29804,1.6939,0.4,70.0,352.999,380.011,0.740843,1e-06,3008.4581,3180.5064
341.053,152.0,0.3571,30,10,2.6429,38.0,-0.08231,152.0,9.38445,4.068,4.47724,0.33333,62.0,356.984,385.64,0.766276,1e-06,2407.0762,2549.6788
387.368,202.65,0.5286,30,26,3.5,46.0,0.98233,202.65,5.91432,2.962,18.54033,0.86667,54.0,356.766,387.919,0.812034,0.19581144,2979.81,3121.9223
374.737,202.65,0.4714,30,8,3.2143,30.0,0.46835,202.65,6.60125,3.94333,3.72869,0.26667,70.0,360.419,390.99,0.797191,1e-06,3621.5855,3845.0414
320.0,202.65,0.3,25,12,2.6429,38.0,-0.2,202.65,12.45495,4.89232,4.21277,0.48,62.0,373.664,398.991,0.759802,1e-06,2780.6589,2944.2242
397.5,121.59,0.5999,30,3,2.5081,43.561,1.11661,121.59,5.43341,2.30441,24.65655,0.1,56.439,332.948,365.698,0.770666,0.3,1886.7595,1954.987
324.211,152.0,0.5286,10,3,3.2143,38.0,-0.10878,152.0,11.69381,3.19083,9.48975,0.3,62.0,345.266,377.38,0.74328,0.17825823,2789.5997,2911.2946
328.421,101.325,0.4143,30,24,2.3571,30.0,-0.04604,101.325,11.00492,3.66314,4.81627,0.8,70.0,337.332,369.059,0.754638,1e-06,2046.6933,2165.9549
353.684,121.59,0.7,25,10,2.3571,46.0,0.82288,121.59,8.10806,3.89753,26.0275,0.4,54.0,328.15,359.18,0.761866,0.3,1728.6548,1790.1553
387.368,121.59,0.3571,10,6,2.3571,70.0,1.03549,121.59,5.89078,1.3634,7.58022,0.6,30.0,348.29,377.689,0.722475,0.2005721,963.3204,1001.7873
357.895,202.65,0.3571,25,10,3.5,46.0,-0.0564,202.65,7.78328,4.48494,3.38323,0.4,54.0,368.81,396.496,0.793699,1e-06,2983.9697,3167.4096
370.526,202.65,0.4714,30,26,1.7857,46.0,0.33063,202.65,6.86451,2.83919,23.31931,0.86667,54.0,360.419,390.99,0.721151,0.17827671,1857.6251,1935.18
336.842,101.325,0.4714,15,6,2.0714,62.0,0.09857,101.325,9.85967,3.4247,18.76226,0.4,38.0,333.603,366.46,0.727558,0.3,1018.6382,1052.1653
353.684,121.59,0.5286,30,6,2.3571,30.0,0.5133,121.59,8.10806,4.03043,4.19606,0.2,70.0,336.828,369.667,0.759053,1e-06,2241.3126,2372.5632
395.789,101.325,0.3,15,7,2.6429,54.0,1.08084,101.325,5.50023,1.07991,1.71843,0.46667,46.0,346.135,373.743,0.743719,1e-06,1460.7377,1544.2361
336.842,101.325,0.7,10,4,2.3571,38.0,0.47691,101.325,9.85967,2.91402,12.48768,0.4,62.0,321.771,353.373,0.728152,0.3,1816.521,1876.343
341.053,121.59,0.5857,10,3,2.0714,62.0,0.22434,121.59,9.37041,2.71014,12.54051,0.3,38.0,333.686,366.525,0.718486,0.3,1116.6478,1152.5699
382.39,152.0,0.6612,14,11,2.9335,53.927,1.04771,152.0,6.1529,3.52597,12.63596,0.78571,46.073,338.157,369.377,0.762378,0.3,1932.1275,2000.8167
378.947,202.65,0.4714,20,13,1.7857,54.0,0.60608,202.65,6.3562,2.52759,18.753,0.65,46.0,360.419,390.99,0.717901,0.26147094,1582.8354,1638.2914
332.632,121.59,0.3571,30,14,2.0714,70.0,-0.0809,121.59,10.41601,3.78891,28.67384,0.46667,30.0,348.29,377.689,0.736909,0.19438604,880.2836,917.1911
349.474,202.65,0.4714,30,3,2.3571,54.0,-0.05655,202.65,8.52787,2.62518,27.32195,0.1,46.0,360.419,390.99,0.756846,0.22829548,1901.7413,1979.4243
400.0,202.65,0.3,10,4,1.5,30.0,1.0037,202.65,5.35232,0.71194,1.14407,0.4,70.0,373.664,398.991,0.7,1e-06,2164.6002,2280.8481
400.0,152.0,0.4714,30,17,2.3571,46.0,1.07208,152.0,5.33901,1.69311,16.856,0.56667,54.0,348.802,380.342,0.756846,0.1363737,1933.5642,2025.8242
324.211,121.59,0.6429,30,14,2.3571,70.0,-0.03407,121.59,11.67631,1.55374,36.51488,0.46667,30.0,330.804,363.059,0.763468,0.3,960.2155,994.6288
400.0,202.65,0.3571,25,20,3.2143,46.0,1.01285,202.65,5.35232,1.60264,2.77603,0.8,54.0,368.81,396.496,0.784442,1e-06,2796.5896,2966.0521
353.684,121.59,0.3571,30,3,2.3571,62.0,0.18348,121.59,8.10806,4.15242,19.90952,0.1,38.0,348.29,377.689,0.75243,0.1148698,1217.3294,1277.1896
370.739,121.59,0.6502,13,3,2.7027,32.349,1.0299,121.59,6.8235,3.67836,12.81811,0.23077,67.651,330.45,362.585,0.750321,0.3,2390.7421,2473.5614
353.998,101.325,0.5913,17,14,2.4785,58.211,0.81261,101.325,8.07244,4.16391,18.13426,0.82353,41.789,326.874,360.253,0.752227,0.3,1266.307,1310.3457
395.907,152.0,0.3614,25,14,2.7262,35.543,1.03833,152.0,5.50893,1.41545,2.84351,0.56,64.457,356.647,385.455,0.766171,1e-06,2559.8325,2711.0724
349.474,101.325,0.3571,25,19,1.5,30.0,0.26641,101.325,8.48544,3.42256,3.64588,0.76,70.0,341.482,371.478,0.7,1e-06,1530.5798,1612.8821
387.017,202.65,0.6282,29,8,2.0732,56.218,1.01882,202.65,5.93157,2.46941,26.97294,0.27586,43.782,351.091,381.885,0.743984,0.3,1658.6603,1715.1665
378.947,202.65,0.5286,20,16,3.2143,30.0,0.71202,202.65,6.3562,3.77138,2.44743,0.8,70.0,356.766,387.919,0.785452,1e-06,3624.8923,3844.9935
398.511,121.59,0.6042,14,3,1.6887,40.533,1.12124,121.59,5.39155,1.82528,13.53395,0.21429,59.467,332.728,365.444,0.710034,0.3,1530.7872,1578.6611
370.526,152.0,0.3,15,9,2.9286,70.0,0.33367,152.0,6.84744,3.49161,8.91442,0.6,30.0,361.758,388.037,0.751866,0.10634319,1257.4897,1320.0685
398.059,202.65,0.3285,26,8,2.1853,41.499,1.00108,202.65,5.43181,1.0852,2.96006,0.30769,58.501,371.179,397.764,0.74053,1e-06,2297.7277,2428.7001
320.0,202.65,0.3,10,5,3.2143,30.0,-0.2,202.65,12.45495,6.51202,1.69897,0.5,70.0,373.664,398.991,0.736808,1e-06,3638.3957,3845.4553
320.0,121.59,0.4143,10,4,1.7857,30.0,-0.12438,121.59,12.40537,3.04575,1.71247,0.4,70.0,344.074,375.209,0.708714,1e-06,1866.9871,1968.9021
395.789,101.325,0.3571,30,7,1.5,62.0,1.08914,101.325,5.50023,0.83826,19.62846,0.23333,38.0,341.482,371.478,0.7,0.14700461,830.9507,865.9616
393.912,101.325,0.3391,16,5,3.4389,52.554,1.07958,101.325,5.58171,1.57785,1.83129,0.3125,47.446,342.892,372.208,0.769893,1e-06,1832.1601,1940.8716
341.053,152.0,0.4143,15,6,3.5,38.0,-0.06012,152.0,9.38445,4.6508,2.23434,0.4,62.0,352.689,383.084,0.771383,1e-06,2972.2865,3149.5608
357.895,101.325,0.7,20,8,3.5,30.0,1.01658,101.325,7.74456,4.83365,18.05084,0.4,70.0,321.771,353.373,0.805453,0.3,2732.7421,2839.5695
320.0,121.59,0.3,25,16,2.0714,46.0,-0.17049,121.59,12.40537,4.45925,4.24586,0.64,54.0,352.999,380.011,0.733304,1e-06,1584.9439,1674.7077
388.498,202.65,0.5063,13,10,1.6958,64.884,0.97909,202.65,5.85945,1.75898,13.22393,0.76923,35.116,358.153,389.147,0.709059,0.3,1170.1277,1206.7003
332.632,101.325,0.3571,25,21,1.7857,38.0,-0.04573,101.325,10.40561,3.70635,3.96956,0.84,62.0,341.482,371.478,0.718376,1e-06,1508.4334,1591.888
387.368,121.59,0.4143,20,3,1.7857,38.0,1.04458,121.59,5.89078,1.27618,2.40522,0.15,62.0,344.074,375.209,0.717205,1e-06,1652.6287,1743.58
388.172,121.59,0.6211,14,8,1.9305,56.517,1.08708,121.59,5.85183,2.28733,13.72595,0.57143,43.483,331.873,364.422,0.722065,0.3,1218.8673,1258.1265
324.211,121.59,0.5286,20,16,2.6429,38.0,-0.06519,121.59,11.67631,2.64719,16.72855,0.8,62.0,336.828,369.667,0.763177,0.14579328,2153.3859,2256.1449
376.628,121.59,0.6117,13,7,2.5091,41.692,1.04266,121.59,6.46324,3.0834,12.71767,0.53846,58.308,332.345,364.993,0.74274,0.3,1953.9337,2020.3692
395.789,121.59,0.3571,30,5,3.2143,30.0,1.06637,121.59,5.50573,1.52951,3.38042,0.16667,70.0,348.29,377.689,0.789642,1e-06,2806.9549,2978.1997
328.421,121.59,0.5286,30,24,3.5,54.0,-0.04344,121.59,11.01593,3.14546,30.33591,0.8,46.0,336.828,369.667,0.812034,0.28710361,1966.1538,2046.2211
320.0,202.65,0.4714,25,18,3.5,38.0,-0.2,202.65,12.45495,3.29916,4.14501,0.72,62.0,360.419,390.99,0.801589,1e-06,3423.8955,3636.8253
357.895,101.325,0.4143,10,6,2.3571,46.0,0.6481,101.325,7.74456,3.26078,5.2797,0.6,54.0,337.332,369.059,0.723421,0.05138787,1582.7174,1664.4991
353.684,121.59,0.5857,10,5,1.7857,70.0,0.60899,121.59,8.10806,3.66751,12.01708,0.5,30.0,333.686,366.525,0.70977,0.3,800.1152,825.2101
357.895,202.65,0.3,10,4,3.2143,70.0,-0.08148,202.65,7.78328,5.37483,6.63656,0.4,30.0,373.664,398.991,0.736808,0.11279665,1559.3256,1634.4512
387.368,202.65,0.5286,20,15,1.7857,46.0,0.98233,202.65,5.91432,1.91888,19.91674,0.75,54.0,356.766,387.919,0.718596,0.3,1858.0279,1917.6479
379.477,121.59,0.663,13,7,2.9683,40.342,1.06503,121.59,6.30141,3.65547,11.99856,0.53846,59.658,329.842,361.741,0.758983,0.3,2257.9593,2337.6698
341.053,121.59,0.4714,30,25,1.5,62.0,0.02412,121.59,9.37041,2.36034,39.61216,0.83333,38.0,340.274,372.546,0.7,0.3,910.1851,938.1629
359.812,101.325,0.5774,24,6,3.3571,51.931,0.96336,101.325,7.59188,3.92174,21.6611,0.25,48.069,327.591,361.037,0.801971,0.3,1817.4658,1887.9578
332.632,121.59,0.3571,20,6,1.7857,38.0,-0.0809,121.59,10.41601,3.54383,3.17898,0.3,62.0,348.29,377.689,0.71651,1e-06,1652.6337,1743.858
332.632,101.325,0.4714,20,12,2.0714,38.0,-0.00502,101.325,10.40561,2.92962,11.39502,0.6,62.0,333.603,366.46,0.733868,0.04323803,1661.1727,1749.5859
378.947,121.59,0.5286,25,21,2.0714,62.0,1.03403,121.59,6.3309,2.09682,24.42479,0.84,38.0,336.828,369.667,0.739159,0.3,1114.9201,1152.406
332.632,121.59,0.3571,25,9,2.6429,38.0,-0.0809,121.59,10.41601,4.40272,3.91038,0.36,62.0,348.29,377.689,0.762431,1e-06,2153.5057,2280.407
370.526,202.65,0.4714,15,6,2.0714,38.0,0.33063,202.65,6.86451,3.21938,7.49619,0.4,62.0,360.419,390.99,0.727558,0.05353394,2350.4157,2472.3568
356.945,101.325,0.3832,22,6,3.4039,46.71,0.56419,101.325,7.82222,3.97408,2.99201,0.27273,53.29,339.533,370.396,0.787381,1e-06,2038.7989,2162.9176
353.741,202.65,0.3889,15,12,3.291,63.228,-0.06495,202.65,8.13542,4.3648,11.37063,0.8,36.772,366.312,395.038,0.765117,0.17017665,1941.8722,2031.2151
370.485,121.59,0.4926,10,6,2.0518,54.085,0.96867,121.59,6.83984,2.249,10.82469,0.6,45.915,338.957,371.505,0.716868,0.3,1340.8377,1383.6596
370.526,152.0,0.4143,30,14,1.5,38.0,0.58686,152.0,6.84744,2.17781,3.93623,0.46667,62.0,352.689,383.084,0.7,1e-06,1660.4185,1749.6279
336.842,121.59,0.7,15,7,2.9286,38.0,0.28011,121.59,9.86953,2.22245,16.80646,0.46667,62.0,328.15,359.18,0.767825,0.3,2321.4769,2405.3335
320.0,202.65,0.4714,10,5,1.5,30.0,-0.2,202.65,12.45495,1.87572,1.72008,0.5,70.0,360.419,390.99,0.7,1e-06,2164.4782,2281.2546
328.421,121.59,0.7,10,5,3.2143,70.0,0.00873,121.59,11.01593,1.75752,12.39341,0.5,30.0,328.15,359.18,0.748133,0.3,1206.8167,1248.5362
365.435,152.0,0.3155,11,7,3.3499,50.1,0.18601,152.0,7.19191,5.18643,1.45776,0.63636,49.9,360.415,387.403,0.744998,1e-06,2317.1462,2450.252
374.737,121.59,0.5857,20,9,2.3571,70.0,1.03011,121.59,6.57498,2.73378,19.25841,0.45,30.0,333.686,366.525,0.751848,0.3,961.1448,994.404
336.842,101.325,0.7,10,6,2.6429,46.0,0.47691,101.325,9.85967,3.1943,12.23474,0.6,54.0,321.771,353.373,0.735587,0.3,1715.7986,1773.3144
400.0,202.65,0.4143,10,7,2.3571,70.0,1.0226,202.65,5.35232,1.61121,8.84283,0.7,30.0,364.416,393.838,0.723421,0.2817992,1243.5444,1285.546
341.053,152.0,0.6429,10,3,2.0714,46.0,0.0632,152.0,9.38445,1.62854,12.52577,0.3,54.0,339.059,370.598,0.719152,0.3,1774.0819,1831.3059
370.526,202.65,0.7,10,6,2.3571,62.0,0.78561,202.65,6.86451,3.49242,10.51183,0.6,38.0,347.46,376.821,0.728152,0.3,1574.5422,1626.2849
345.657,121.59,0.3356,19,3,3.4404,36.072,-0.02245,121.59,8.8726,5.47522,2.75152,0.15789,63.928,350.002,378.581,0.778765,1e-06,2703.2146,2866.0293
332.632,121.59,0.5286,10,3,3.2143,54.0,-0.02168,121.59,10.41601,3.48364,12.26635,0.3,46.0,336.828,369.667,0.74328,0.3,1851.1387,1914.4439
387.368,121.59,0.4143,20,5,2.0714,70.0,1.04458,121.59,5.89078,1.42798,18.07193,0.25,30.0,344.074,375.209,0.732553,0.27788558,880.6626,911.2474
324.211,152.0,0.3571,25,18,2.6429,46.0,-0.16933,152.0,11.69381,4.12099,4.10348,0.72,54.0,356.984,385.64,0.762431,1e-06,2097.0785,2220.7877
341.053,152.0,0.4143,20,13,1.5,38.0,-0.06012,152.0,9.38445,2.54074,3.05406,0.65,62.0,352.689,383.084,0.7,1e-06,1660.3718,1749.7833
341.053,152.0,0.6429,20,14,2.3571,30.0,0.0632,152.0,9.38445,1.70665,22.77973,0.7,70.0,339.059,370.598,0.753716,0.3,2506.9759,2594.7488
394.934,152.0,0.5441,12,8,1.9042,32.252,1.06748,152.0,5.55094,1.88646,8.4436,0.66667,67.748,344.357,376.53,0.716828,0.18136934,2105.0531,2191.449
373.828,121.59,0.418,17,9,2.2703,32.656,0.96115,121.59,6.62996,1.81897,2.16523,0.52941,67.344,343.815,375.041,0.738102,1e-06,2103.9351,2223.4557
378.947,121.59,0.5286,15,3,2.3571,30.0,1.03403,121.59,6.3309,2.37628,6.28275,0.2,70.0,336.828,369.667,0.740667,0.03368191,2244.5301,2366.6155
327.571,152.0,0.4486,21,4,2.6006,46.536,-0.11748,152.0,11.16081,3.20263,14.68499,0.19048,53.464,350.308,381.461,0.759702,0.09122475,2052.6399,2158.7461
332.632,101.325,0.5857,15,5,1.7857,38.0,0.1637,101.325,10.40561,2.23889,19.84461,0.33333,62.0,327.162,360.573,0.715697,0.3,1508.763,1556.9957
321.918,202.65,0.3953,21,4,2.5438,65.051,-0.2,202.65,12.11245,3.47764,20.95438,0.19048,34.949,365.826,394.739,0.755113,0.20204033,1525.3364,1590.8036
372.134,101.325,0.3375,11,4,3.3848,66.392,0.99527,101.325,6.72812,1.89673,7.04854,0.36364,33.608,343.019,372.272,0.746332,0.130581,1284.3192,1345.1537
332.632,101.325,0.3571,25,8,3.2143,62.0,-0.04573,101.325,10.40561,5.20049,16.52843,0.32,38.0,341.482,371.478,0.784442,0.09524977,1391.5255,1465.7677
353.684,101.325,0.6429,15,8,2.9286,38.0,0.89357,101.325,8.09996,4.79148,15.45234,0.53333,62.0,324.354,357.178,0.765545,0.3,2119.6087,2195.6701
320.0,202.65,0.3,15,12,2.9286,46.0,-0.2,202.65,12.45495,5.58762,2.53494,0.8,54.0,373.664,398.991,0.751866,1e-06,2613.409,2765.4676
350.287,101.325,0.5988,26,18,3.4414,52.632,0.71385,101.325,8.40844,5.19289,24.10722,0.69231,47.368,326.496,359.824,0.809862,0.3,1824.5261,1896.4997
324.211,152.0,0.4714,15,4,3.2143,38.0,-0.12706,152.0,11.69381,3.59217,2.45798,0.26667,62.0,348.802,380.342,0.766931,1e-06,2784.5062,2949.6609
353.684,121.59,0.5857,10,7,2.3571,30.0,0.60899,121.59,8.10806,4.52041,10.29293,0.7,70.0,333.686,366.525,0.72626,0.25777471,2246.9919,2327.9406
395.789,101.325,0.3,30,15,1.7857,62.0,1.08084,101.325,5.50023,0.76598,12.68689,0.5,38.0,346.135,373.743,0.718686,0.04338576,924.5728,972.3489
353.684,101.325,0.6429,10,6,2.0714,70.0,0.89357,101.325,8.09996,4.03344,11.70232,0.6,30.0,324.354,357.178,0.719152,0.3,804.7433,830.5416
338.074,101.325,0.4321,30,10,2.0291,64.729,0.06052,101.325,9.7091,3.45894,33.41577,0.33333,35.271,336.129,368.271,0.73636,0.26628112,931.8231,965.5733
353.684,121.59,0.5857,15,12,3.5,54.0,0.60899,121.59,8.10806,5.51963,14.85578,0.8,46.0,333.686,366.525,0.780036,0.3,1971.0715,2044.1213
362.919,202.65,0.6132,25,17,2.1795,64.901,0.35596,202.65,7.39243,2.45843,25.83262,0.68,35.099,351.897,382.861,0.748133,0.3,1375.2229,1422.6781
328.421,101.325,0.5857,10,3,2.6429,30.0,0.03768,101.325,11.00492,2.61061,11.12997,0.3,70.0,327.162,360.573,0.733194,0.24159424,2224.5699,2308.8313
320.0,121.59,0.6429,20,10,3.5,62.0,-0.05582,121.59,12.40537,2.09689,22.42761,0.5,38.0,330.804,363.059,0.801908,0.3,1625.4836,1688.7508
349.474,202.65,0.3,20,4,2.0714,46.0,-0.12499,202.65,8.52787,3.70258,2.8945,0.2,54.0,373.664,398.991,0.729922,1e-06,2046.7031,2161.9847
359.727,121.59,0.5557,14,8,2.8484,48.214,0.74221,121.59,7.6061,4.43842,14.36705,0.57143,51.786,335.301,368.211,0.755805,0.3,1901.2426,1967.9847
328.421,121.59,0.5286,10,3,2.9286,46.0,-0.04344,121.59,11.01593,3.18325,12.20307,0.3,54.0,336.828,369.667,0.737961,0.28276652,2026.5742,2097.7354
370.526,202.65,0.5286,20,7,2.6429,30.0,0.44171,202.65,6.86451,3.61655,2.57094,0.35,70.0,356.766,387.919,0.763177,1e-06,3138.7713,3323.6714
395.789,101.325,0.5286,10,4,2.9286,38.0,1.11786,101.325,5.50023,2.50918,6.80435,0.4,62.0,330.231,363.646,0.737961,0.18693615,2124.172,2214.0266
395.789,121.59,0.3571,15,12,1.7857,54.0,1.06637,121.59,5.50573,0.99086,6.76447,0.8,46.0,348.29,377.689,0.713434,0.0536356,1226.5215,1288.4903
387.368,121.59,0.3571,15,4,3.2143,70.0,1.03549,121.59,5.89078,1.71232,10.02533,0.26667,30.0,348.29,377.689,0.761732,0.18374745,1205.6056,1259.1763
349.474,101.325,0.4143,25,6,1.7857,46.0,0.38268,101.325,8.48544,3.7408,14.22742,0.24,54.0,337.332,369.059,0.71915,0.05640178,1313.7442,1380.6943
370.526,202.65,0.3,10,5,3.2143,30.0,-0.01621,202.65,6.86451,4.91585,1.29766,0.5,70.0,373.664,398.991,0.736808,1e-06,3638.488,3845.1477
335.078,121.59,0.6843,22,18,2.5609,45.526,0.19777,121.59,10.09241,1.84826,24.80808,0.81818,54.474,328.861,360.297,0.769024,0.3,1848.6012,1915.5583
385.777,202.65,0.4967,19,13,1.5684,43.076,0.87432,202.65,5.99328,1.81728,16.04166,0.68421,56.924,358.762,389.661,0.70441,0.22227271,1807.7827,1874.5805
400.0,152.0,0.5286,25,15,1.5,54.0,1.08294,152.0,5.33901,1.43567,24.71148,0.6,46.0,345.266,377.38,0.7,0.3,1231.989,1269.4872
357.895,101.325,0.3571,15,4,2.0714,62.0,0.54715,101.325,7.74456,2.69026,10.73633,0.26667,38.0,341.482,371.478,0.725417,0.13142636,1018.8231,1065.3346
395.789,121.59,0.3,15,5,2.0714,30.0,1.05785,121.59,5.50573,0.89824,1.73099,0.33333,70.0,352.999,380.011,0.724347,1e-06,2056.0961,2170.5138
333.51,152.0,0.5487,10,3,1.5504,30.95,-0.05467,152.0,10.31327,1.66025,10.62282,0.3,69.05,344.092,376.274,0.701764,0.20736076,1886.2001,1957.9579
332.632,101.325,0.4143,15,3,3.5,30.0,-0.02429,101.325,10.40561,5.16149,2.33741,0.2,70.0,337.332,369.059,0.771383,1e-06,2739.9035,2903.27
378.947,121.59,0.5286,30,27,2.6429,38.0,1.03403,121.59,6.3309,2.43956,17.51014,0.9,62.0,336.828,369.667,0.774648,0.12707871,2151.5557,2258.9993
400.0,202.65,0.3571,10,5,1.5,62.0,1.01285,202.65,5.35232,0.89176,6.4382,0.5,38.0,368.81,396.496,0.7,0.14700461,1175.0995,1224.7954
354.933,202.65,0.3296,16,13,2.1292,49.556,-0.08345,202.65,8.03148,3.5605,2.25181,0.8125,50.444,371.086,397.716,0.728617,1e-06,1948.0739,2057.5382
387.368,121.59,0.5286,15,7,2.9286,54.0,1.06491,121.59,5.89078,2.59562,13.26468,0.46667,46.0,336.828,369.667,0.760985,0.3,1723.3587,1784.3943
374.737,121.59,0.4714,30,8,1.7857,46.0,1.00803,121.59,6.57498,1.68724,22.79764,0.26667,54.0,340.274,372.546,0.721151,0.17827671,1438.9447,1498.8691
341.053,152.0,0.3571,10,4,1.5,46.0,-0.08231,152.0,9.38445,2.95865,1.52703,0.4,54.0,356.984,385.64,0.7,1e-06,1446.1211,1524.0354
320.0,202.65,0.7,25,8,1.7857,62.0,-0.14187,202.65,12.45495,0.8759,34.89788,0.32,38.0,347.46,376.821,0.723018,0.3,1306.9665,1349.7542
387.368,202.65,0.5286,30,25,2.3571,30.0,0.98233,202.65,5.91432,2.26802,3.56354,0.83333,70.0,356.766,387.919,0.759053,1e-06,2893.5472,3062.8822
378.947,202.65,0.5286,20,13,2.6429,38.0,0.71202,202.65,6.3562,3.30458,12.58902,0.65,62.0,356.766,387.919,0.763177,0.14579328,2780.0728,2912.4586
320.0,121.59,0.4143,25,10,2.9286,70.0,-0.12438,121.59,12.40537,3.95994,27.35002,0.4,30.0,344.074,375.209,0.777183,0.25875816,1122.4431,1167.5837
374.737,202.65,0.3,15,11,2.3571,62.0,0.04235,202.65,6.60125,3.51392,6.4694,0.73333,38.0,373.664,398.991,0.734586,0.0336409,1573.7217,1658.7223
332.632,121.59,0.7,20,15,3.5,30.0,0.14442,121.59,10.41601,2.02215,20.66415,0.75,70.0,328.15,359.18,0.805453,0.3,2993.5242,3110.7417
328.421,121.59,0.4143,10,6,2.9286,30.0,-0.08087,121.59,11.01593,4.61445,1.61721,0.6,70.0,344.074,375.209,0.735123,1e-06,2627.6086,2776.5706
358.635,152.0,0.3806,10,6,1.9004,60.26,0.11782,152.0,7.70417,3.52513,8.02374,0.6,39.74,355.166,384.611,0.711656,0.16230082,1233.5894,1285.6982
387.368,121.59,0.5286,30,12,2.6429,62.0,1.06491,121.59,5.89078,2.26566,25.55262,0.4,38.0,336.828,369.667,0.774648,0.3,1318.7304,1366.8044
377.753,101.325,0.5217,25,9,1.6795,33.557,1.05044,101.325,6.39203,1.77461,17.14224,0.36,66.443,330.619,363.996,0.713216,0.14254321,1555.5593,1623.5916
320.0,121.59,0.6429,20,12,1.7857,30.0,-0.05582,121.59,12.40537,1.27874,28.10894,0.6,70.0,330.804,363.059,0.719986,0.3,1865.3873,1925.7613
332.461,152.0,0.3221,27,12,2.4596,31.457,-0.14152,152.0,10.45494,4.30025,4.24244,0.44444,68.543,359.851,387.128,0.754336,1e-06,2529.5358,2676.9982
329.472,121.59,0.511,28,5,2.8751,56.149,-0.04331,121.59,10.86083,2.9368,31.18891,0.17857,43.851,337.854,370.579,0.783398,0.29823588,1617.5821,1678.3416
351.779,202.65,0.4586,14,11,1.6034,55.936,-0.04912,202.65,8.31184,2.17131,15.64546,0.78571,44.064,361.286,391.649,0.705087,0.26438159,1418.3641,1466.5022
387.368,121.59,0.5286,20,7,1.5,70.0,1.06491,121.59,5.89078,1.56623,20.92991,0.35,30.0,336.828,369.667,0.7,0.3,718.6379,740.4195
361.78,101.325,0.5092,30,5,2.2881,37.878,0.91455,101.325,7.44068,2.66388,18.58057,0.16667,62.122,331.336,364.625,0.754317,0.10729734,1779.1039,1867.7766
341.627,202.65,0.4597,17,5,3.4746,36.252,-0.10118,202.65,9.34284,3.70703,2.51818,0.29412,63.748,361.211,391.593,0.780769,1e-06,3506.281,3718.1625
328.421,121.59,0.4143,20,16,3.2143,62.0,-0.08087,121.59,11.01593,4.38895,17.73612,0.8,38.0,344.074,375.209,0.779063,0.19071277,1524.9645,1594.4425
357.895,101.325,0.3571,10,6,2.6429,62.0,0.54715,101.325,7.74456,3.40016,7.08022,0.6,38.0,341.482,371.478,0.72841,0.12959231,1208.0892,1263.7202
365.014,101.325,0.6447,21,15,2.3345,68.704,1.02916,101.325,7.2038,3.26152,21.07631,0.71429,31.296,324.266,357.06,0.754018,0.3,908.9869,940.6089
320.0,202.65,0.7,25,16,2.6429,46.0,-0.14187,202.65,12.45495,1.16392,29.98914,0.64,54.0,347.46,376.821,0.778203,0.3,2418.4583,2508.1042
322.814,101.325,0.3847,18,13,2.6439,45.387,-0.08581,101.325,11.89816,4.44938,2.98488,0.72222,54.613,339.423,370.332,0.753631,1e-06,1733.3078,1834.217
370.079,152.0,0.4384,28,3,2.1831,52.946,0.61644,152.0,6.87647,2.83581,20.10634,0.10714,47.054,351.0,381.95,0.744866,0.1660823,1598.945,1670.1882
335.032,101.325,0.5494,17,4,3.0133,64.145,0.17783,101.325,10.0882,3.74228,19.04734,0.23529,35.855,329.079,362.558,0.771293,0.3,1251.6419,1297.1968
357.895,101.325,0.3571,30,6,2.9286,54.0,0.54715,101.325,7.74456,3.25469,4.0741,0.2,46.0,341.482,371.478,0.778626,1e-06,1571.0169,1665.5125
341.053,121.59,0.5286,20,6,2.6429,30.0,0.12864,121.59,9.37041,3.23033,2.98626,0.3,70.0,336.828,369.667,0.763177,1e-06,2431.2683,2574.5498
355.686,101.325,0.6688,19,10,2.433,65.925,1.00064,101.325,7.92745,3.89245,19.84256,0.52632,34.075,323.157,355.511,0.756783,0.3,1018.7037,1054.4417
372.255,202.65,0.6639,26,10,2.2572,58.95,0.76169,202.65,6.75409,3.13187,25.15216,0.38462,41.05,349.241,379.456,0.755329,0.3,1646.8553,1704.5517
336.842,121.59,0.7,20,3,3.2143,46.0,0.28011,121.59,9.86953,2.29615,20.78631,0.15,54.0,328.15,359.18,0.795035,0.3,2164.422,2247.3265
332.632,101.325,0.4714,30,13,2.3571,30.0,-0.00502,101.325,10.40561,3.09941,4.70005,0.43333,70.0,333.603,366.46,0.756846,1e-06,2046.3548,2165.9207
370.526,152.0,0.3,10,7,3.2143,30.0,0.33367,152.0,6.84744,4.00824,1.29598,0.7,70.0,361.758,388.037,0.736808,1e-06,3151.1714,3330.0697
336.842,101.325,0.5857,20,10,2.6429,30.0,0.28973,101.325,9.85967,3.45117,16.36566,0.5,70.0,327.162,360.573,0.765539,0.1661229,2219.0363,2321.7321
350.265,101.325,0.3311,20,9,1.9805,32.766,0.23211,101.325,8.41057,3.93847,2.87943,0.45,67.234,343.535,372.528,0.726219,1e-06,1749.1275,1846.9171
387.372,152.0,0.3109,28,14,2.059,54.421,0.9918,152.0,5.89942,1.00724,3.35061,0.5,45.579,360.809,387.592,0.734265,1e-06,1489.6605,1573.7673
395.471,101.325,0.6834,15,7,3.211,42.305,1.15013,101.325,5.51391,3.28666,12.23848,0.46667,57.695,322.5,354.527,0.776469,0.3,2112.4752,2189.882
324.211,121.59,0.4714,30,16,2.9286,54.0,-0.083,121.59,11.67631,3.31328,27.74432,0.53333,46.0,340.274,372.546,0.785247,0.20410157,1720.0357,1797.4701
347.832,152.0,0.3985,14,11,1.5282,47.136,-0.03098,152.0,8.66624,2.67612,8.34114,0.78571,52.864,353.828,383.806,0.701352,0.05892777,1431.5708,1502.3056
395.789,121.59,0.3,10,5,2.3571,46.0,1.05785,121.59,5.50573,1.02787,1.15509,0.5,54.0,352.999,380.011,0.721528,1e-06,1734.0641,1830.1225
357.895,202.65,0.4143,30,6,3.2143,46.0,-0.03369,202.65,7.78328,3.71089,4.06033,0.2,54.0,364.416,393.838,0.793417,1e-06,2794.579,2966.2817
400.0,152.0,0.4714,20,14,2.0714,38.0,1.07208,152.0,5.33901,1.56978,8.14872,0.7,62.0,348.802,380.342,0.733868,0.04323803,2034.679,2142.6094
395.789,101.325,0.5286,20,14,3.5,54.0,1.11786,101.325,5.50023,2.62346,15.4874,0.7,46.0,330.231,363.646,0.794819,0.3,1797.3357,1865.8227
394.87,101.325,0.3098,21,3,3.4753,55.158,1.07885,101.325,5.53985,1.38316,2.38127,0.14286,44.842,345.299,373.365,0.782791,1e-06,1744.0782,1849.4012
395.789,121.59,0.3,30,14,1.5,62.0,1.05785,121.59,5.50573,0.68338,13.85222,0.46667,38.0,352.999,380.011,0.7,0.05483871,910.2446,955.1153
374.737,121.59,0.4143,25,20,3.2143,70.0,0.98484,121.59,6.57498,2.20067,19.70247,0.8,30.0,344.074,375.209,0.787998,0.25412349,1203.1484,1252.664
367.792,101.325,0.4613,30,10,2.9596,62.729,1.00315,101.325,7.01107,2.39789,25.3617,0.33333,37.271,334.234,366.933,0.786016,0.26843441,1282.2302,1333.3886
394.2,152.0,0.4647,29,3,1.65,36.799,1.0496,152.0,5.58297,1.36123,12.33069,0.10345,63.201,349.238,380.674,0.711249,0.04136494,1792.6462,1884.7121
374.737,121.59,0.4714,15,4,3.5,30.0,1.00803,121.59,6.57498,2.89262,1.87725,0.26667,70.0,340.274,372.546,0.774268,1e-06,3000.8003,3180.1883
341.053,152.0,0.6429,20,5,3.5,46.0,0.0632,152.0,9.38445,2.28251,19.94204,0.25,54.0,339.059,370.598,0.801908,0.3,2582.6778,2683.081
392.239,152.0,0.5634,18,5,1.7935,58.937,1.06157,152.0,5.67046,1.89248,17.51639,0.27778,41.063,343.262,375.448,0.718267,0.3,1227.1292,1266.2959
357.895,101.325,0.4143,10,6,1.7857,62.0,0.6481,101.325,7.74456,2.59608,9.86045,0.6,38.0,337.332,369.059,0.708714,0.23382954,925.2448,958.9223
398.175,202.65,0.6309,10,7,1.9769,66.77,1.06038,202.65,5.42698,2.30638,9.54076,0.7,33.23,350.948,381.707,0.716161,0.3,1222.1445,1260.908
369.497,121.59,0.3987,15,10,1.5276,44.755,0.7915,121.59,6.90424,1.59407,6.41683,0.66667,55.245,345.181,375.903,0.701405,0.02502425,1337.7112,1407.1105
332.847,101.325,0.314,30,9,1.8012,34.166,-0.06248,101.325,10.37643,4.10191,4.7554,0.3,65.834,344.94,373.199,0.719851,1e-06,1610.4271,1699.7325
328.421,121.59,0.4143,30,5,1.7857,62.0,-0.08087,121.59,11.01593,2.9675,33.12368,0.16667,38.0,344.074,375.209,0.720329,0.22671071,1012.5982,1051.1724
336.842,121.59,0.6429,30,27,2.9286,46.0,0.18719,121.59,9.86953,2.35206,31.16695,0.9,54.0,330.804,363.059,0.795179,0.3,2017.6561,2094.9751
373.466,121.59,0.6148,29,5,2.8027,41.875,1.03175,121.59,6.6521,3.15634,25.54738,0.17241,58.125,332.191,364.808,0.786461,0.3,2103.66,2182.585
400.0,202.65,0.5857,20,15,3.5,62.0,1.05654,202.65,5.35232,3.01782,15.0898,0.75,38.0,353.412,384.579,0.798363,0.3,2099.1714,2179.8185
328.421,101.325,0.5857,30,8,1.7857,38.0,0.03768,101.325,11.00492,1.81511,39.84708,0.26667,62.0,327.162,360.573,0.722793,0.3,1507.9336,1557.0139
353.684,121.59,0.7,30,6,3.2143,62.0,0.82288,121.59,8.10806,4.52087,27.1535,0.2,38.0,328.15,359.18,0.812289,0.3,1521.1045,1581.3604
350.907,152.0,0.6247,27,17,1.8626,49.442,0.34381,152.0,8.37149,2.28751,31.29457,0.62963,50.558,339.978,371.768,0.728285,0.3,1547.0233,1597.9834
328.421,121.59,0.5857,30,6,2.9286,30.0,-0.0272,121.59,11.01593,2.28072,20.66965,0.2,70.0,333.686,366.525,0.791868,0.10468809,2616.132,2755.3219
399.585,121.59,0.4787,19,16,3.0479,50.026,1.10045,121.59,5.34775,2.09703,11.67346,0.84211,49.974,339.815,372.191,0.774568,0.18321601,1927.0648,2014.7864
370.652,121.59,0.4513,19,5,1.8533,47.004,0.91064,121.59,6.82909,1.88086,13.499,0.26316,52.996,341.568,373.506,0.720897,0.1473947,1446.4876,1510.1699
357.261,152.0,0.4097,29,22,2.2564,67.482,0.14004,152.0,7.81578,3.58665,26.99493,0.75862,32.518,353.021,383.298,0.748523,0.24636108,1130.1063,1173.8578
397.233,121.59,0.3844,16,6,1.6425,49.295,1.07592,121.59,5.44457,1.00691,7.16504,0.375,50.705,346.225,376.528,0.707419,0.05208872,1283.057,1347.403
336.842,121.59,0.4714,20,17,3.2143,54.0,-0.01773,121.59,9.86953,3.76115,17.44932,0.85,46.0,340.274,372.546,0.782257,0.20664874,1845.5756,1927.7665
320.0,121.59,0.6429,30,4,2.9286,70.0,-0.05582,121.59,12.40537,1.77841,34.28,0.13333,30.0,330.804,363.059,0.795179,0.3,1120.9,1163.9418
400.0,152.0,0.4714,25,20,2.6429,54.0,1.07208,152.0,5.33901,1.85273,16.97815,0.8,46.0,348.802,380.342,0.767688,0.21905904,1785.8001,1861.142
328.585,152.0,0.354,20,8,3.4816,39.388,-0.148,152.0,11.00796,5.12882,3.17664,0.4,60.612,357.231,385.774,0.783486,1e-06,2891.1362,3066.559
336.842,101.325,0.3,20,10,1.7857,62.0,-0.04801,101.325,9.85967,4.17367,11.51288,0.5,38.0,346.135,373.743,0.715815,0.0451456,924.7009,972.4775
336.842,101.325,0.3,15,11,2.3571,46.0,-0.04801,101.325,9.85967,5.06591,2.31414,0.73333,54.0,346.135,373.743,0.734586,1e-06,1581.3182,1670.8899
374.737,121.59,0.5857,30,27,1.5,62.0,1.03011,121.59,6.57498,2.04413,33.34015,0.9,38.0,333.686,366.525,0.7,0.3,910.2421,937.973
324.211,152.0,0.5286,15,11,1.7857,70.0,-0.10878,152.0,11.69381,1.91738,20.86618,0.73333,30.0,345.266,377.38,0.715131,0.3,894.159,922.8674
387.368,202.65,0.7,25,5,2.6429,62.0,1.03867,202.65,5.91432,3.03639,21.13383,0.2,38.0,347.46,376.821,0.778203,0.3,1701.9863,1764.6016
324.211,152.0,0.4714,10,5,3.5,46.0,-0.12706,152.0,11.69381,4.14861,8.71281,0.5,54.0,348.802,380.342,0.746229,0.14883728,2593.7756,2713.4644
325.049,152.0,0.3204,25,6,2.0316,37.524,-0.18057,152.0,11.55685,3.89608,4.12866,0.24,62.476,359.998,387.2,0.731711,1e-06,2023.9205,2138.2644
362.978,152.0,0.479,13,4,3.4856,37.925,0.46323,152.0,7.36972,5.30686,4.58923,0.30769,62.075,348.317,379.965,0.764723,0.01121458,2967.9521,3140.5965
395.789,121.59,0.6429,25,18,1.5,62.0,1.12001,121.59,5.50573,1.83207,25.16512,0.72,38.0,330.804,363.059,0.7,0.3,910.276,937.8601
349.474,202.65,0.3571,15,5,2.6429,70.0,-0.0999,202.65,8.52787,4.01039,12.75124,0.33333,30.0,368.81,396.496,0.745641,0.19064374,1346.9635,1404.7776
346.341,202.65,0.5285,14,3,3.3591,47.039,-0.05389,202.65,8.83778,3.05852,13.49315,0.21429,52.961,356.772,387.925,0.768999,0.25765073,2840.3814,2952.6927
399.483,121.59,0.6534,18,10,3.3583,33.711,1.13606,121.59,5.35186,3.12527,13.84337,0.55556,66.289,330.298,362.376,0.791471,0.3,2748.6243,2852.7588
336.842,121.59,0.6429,15,7,2.6429,62.0,0.18719,121.59,9.86953,2.33391,17.3961,0.46667,38.0,330.804,363.059,0.755249,0.3,1320.6448,1367.0143
400.0,202.65,0.3,25,14,2.9286,54.0,1.0037,202.65,5.35232,1.20924,2.79046,0.56,46.0,373.664,398.991,0.770946,1e-06,2223.0909,2355.33
341.053,152.0,0.4143,10,5,2.9286,54.0,-0.06012,152.0,9.38445,4.36986,7.9176,0.5,46.0,352.689,383.084,0.735123,0.14098022,1930.6025,2019.0837
336.842,101.325,0.4714,25,22,2.3571,46.0,0.09857,101.325,9.85967,3.55968,19.52016,0.88,54.0,333.603,366.46,0.753548,0.14024497,1579.0236,1653.7452
361.564,101.325,0.5699,17,4,2.5084,47.05,1.00041,101.325,7.45701,3.14762,17.41821,0.23529,52.95,327.984,361.452,0.752803,0.3,1618.2376,1674.5958
361.26,202.65,0.3296,28,15,2.4892,60.563,-0.05077,202.65,7.51746,3.67504,13.95582,0.53571,39.437,371.086,397.716,0.756685,0.0515324,1694.5659,1786.8881
387.368,121.59,0.3571,10,5,2.6429,54.0,1.03549,121.59,5.89078,1.50909,4.2815,0.5,46.0,348.29,377.689,0.72841,0.04087865,1602.0322,1686.6316
332.632,101.325,0.4143,10,7,2.0714,46.0,-0.02429,101.325,10.40561,3.70775,6.35289,0.7,54.0,337.332,369.059,0.716487,0.05952734,1448.7607,1522.0334
328.421,121.59,0.7,15,9,2.3571,70.0,0.00873,121.59,11.01593,1.29664,18.73881,0.6,30.0,328.15,359.18,0.745228,0.3,961.5781,994.5964
370.526,152.0,0.3571,15,6,1.5,62.0,0.47259,152.0,6.84744,2.10945,11.07547,0.4,38.0,356.984,385.64,0.7,0.14700461,1017.68,1060.8407
395.789,101.325,0.3571,25,17,3.5,54.0,1.08914,101.325,5.50023,1.61826,2.8108,0.68,46.0,341.482,371.478,0.793699,1e-06,1797.477,1907.616
335.61,152.0,0.5554,17,7,2.7131,40.509,-0.04187,152.0,10.03932,2.43532,17.55858,0.41176,59.491,343.713,375.902,0.760589,0.25403234,2355.2192,2447.4017
332.632,101.325,0.4714,10,7,1.7857,70.0,-0.00502,101.325,10.40561,2.74991,13.47605,0.7,30.0,333.603,366.46,0.709066,0.3,730.4144,753.4006
341.053,121.59,0.5857,30,24,2.9286,62.0,0.22434,121.59,9.37041,3.10058,30.74236,0.8,38.0,333.686,366.525,0.791868,0.3,1420.2004,1474.227
357.895,101.325,0.4714,10,4,3.5,62.0,0.73931,101.325,7.74456,4.7689,10.62876,0.4,38.0,333.603,366.46,0.746229,0.3,1490.3024,1541.4604
378.947,202.65,0.6429,15,12,2.3571,70.0,0.93589,202.65,6.3562,3.1948,14.50437,0.8,30.0,350.321,380.908,0.743707,0.3,1241.5893,1283.8457
358.902,202.65,0.4636,21,9,3.0295,69.564,-0.01055,202.65,7.70194,3.26771,20.42908,0.42857,30.436,360.944,391.392,0.777512,0.3,1507.9212,1563.6119
337.163,121.59,0.4918,14,6,2.7295,61.389,-0.00954,121.59,9.82988,3.30199,16.44875,0.42857,38.611,339.01,371.548,0.749865,0.3,1374.349,1422.0633
342.884,202.65,0.5984,10,5,3.3602,33.743,-0.05073,202.65,9.20339,2.53388,11.47337,0.5,66.257,352.703,383.793,0.747862,0.3,3560.1183,3683.1972
381.662,152.0,0.606,21,16,2.0478,36.813,1.03201,152.0,6.19166,2.46798,20.41411,0.7619,63.187,340.948,372.931,0.736572,0.3,2057.2505,2126.1943
400.0,202.65,0.3571,10,6,2.0714,38.0,1.01285,202.65,5.35232,1.18864,1.13813,0.6,62.0,368.81,396.496,0.715821,1e-06,2352.5789,2481.9197
353.684,121.59,0.5857,10,4,3.2143,30.0,0.60899,121.59,8.10806,5.73479,8.82743,0.4,70.0,333.686,366.525,0.744897,0.21428691,2816.6361,2931.7795
328.421,101.325,0.5857,25,22,3.5,62.0,0.03768,101.325,11.00492,2.86479,26.1379,0.88,38.0,327.162,360.573,0.80948,0.3,1483.002,1541.5596
370.526,202.65,0.3,10,6,2.6429,62.0,-0.01621,202.65,6.86451,4.17958,4.57829,0.6,38.0,373.664,398.991,0.727213,0.03815956,1708.6179,1799.3217
353.684,121.59,0.7,30,20,2.0714,46.0,0.82288,121.59,8.10806,3.62233,32.60036,0.66667,54.0,328.15,359.18,0.746233,0.3,1583.4476,1637.7915
365.486,121.59,0.5089,21,12,2.9207,69.441,0.84095,121.59,7.17756,3.38559,19.82236,0.57143,30.559,337.981,370.688,0.775695,0.3,1141.2702,1183.071
341.053,121.59,0.4714,30,17,2.6429,54.0,0.02412,121.59,9.37041,3.28962,26.73446,0.56667,46.0,340.274,372.546,0.771857,0.21550802,1596.6167,1665.2636
351.128,101.325,0.464,10,5,2.7277,68.791,0.5211,101.325,8.33021,5.18642,11.43299,0.5,31.209,334.066,366.808,0.73241,0.3,1014.9832,1048.7041
332.632,121.59,0.5286,20,15,3.5,62.0,-0.02168,121.59,10.41601,3.31439,21.28842,0.75,38.0,336.828,369.667,0.794819,0.3,1626.3856,1688.7196
357.895,202.65,0.3,30,5,2.0714,62.0,-0.08148,202.65,7.78328,3.48213,14.00875,0.16667,38.0,373.664,398.991,0.735355,0.0331697,1439.6721,1517.7087
400.0,152.0,0.5286,10,3,2.6429,38.0,1.08294,152.0,5.33901,2.3218,6.94445,0.3,62.0,345.266,377.38,0.731998,0.19666473,2413.5622,2512.7354
349.474,101.325,0.4714,30,15,1.7857,54.0,0.48302,101.325,8.48544,3.73344,32.02882,0.5,46.0,333.603,366.46,0.721151,0.25870246,1118.9502,1158.6969
357.094,121.59,0.5021,27,23,1.5641,42.806,0.57313,121.59,7.81778,3.14136,26.79012,0.85185,57.194,338.383,371.03,0.704902,0.23116241,1404.527,1455.5713
324.211,152.0,0.5286,30,18,2.3571,54.0,-0.10878,152.0,11.69381,2.245,36.98212,0.6,46.0,345.266,377.38,0.759053,0.3,1646.7273,1705.2386
391.74,202.65,0.4997,10,7,3.0402,44.663,1.00821,202.65,5.70732,2.723,7.22132,0.7,55.337,358.573,389.502,0.739353,0.20272547,2757.0112,2870.8039
336.842,121.59,0.5286,10,4,3.5,30.0,0.00042,121.59,9.86953,3.78541,4.42416,0.4,70.0,336.828,369.667,0.748024,0.0165158,3006.8391,3176.52
378.947,202.65,0.6429,15,9,2.9286,30.0,0.93589,202.65,6.3562,3.71254,13.66155,0.6,70.0,350.321,380.908,0.765545,0.3,3384.3557,3505.8379
378.947,121.59,0.5857,30,18,3.2143,38.0,1.04555,121.59,6.3309,3.11253,21.02026,0.6,62.0,333.686,366.525,0.80474,0.2283563,2483.2597,2593.882
387.368,121.59,0.4143,20,3,1.5,38.0,1.04458,121.59,5.89078,1.11798,2.41889,0.15,62.0,344.074,375.209,0.7,1e-06,1485.0984,1564.7303
368.577,152.0,0.6754,21,11,3.2702,40.132,1.00067,152.0,6.97568,4.13045,18.34544,0.52381,59.868,337.471,368.395,0.798379,0.3,2717.874,2822.5609
333.285,152.0,0.3755,25,4,1.6563,62.956,-0.11505,152.0,10.34335,2.99526,24.09257,0.16,37.044,355.553,384.836,0.710453,0.17846917,1053.1885,1096.44
374.737,121.59,0.4714,10,4,2.0714,46.0,1.00803,121.59,6.57498,1.97852,7.76047,0.4,54.0,340.274,372.546,0.717153,0.18296893,1587.0119,1652.0428
382.541,121.59,0.5408,22,16,3.0984,40.034,1.04958,121.59,6.13571,2.76967,13.92517,0.72727,59.966,336.132,369.018,0.786257,0.17313408,2339.1196,2449.7971
353.41,121.59,0.6507,25,9,1.8054,31.55,0.71533,121.59,8.13228,3.44492,28.93729,0.36,68.45,330.429,362.555,0.723797,0.3,1836.4668,1896.2534
336.842,101.325,0.4714,15,11,3.2143,62.0,0.09857,101.325,9.85967,4.64695,16.46432,0.73333,38.0,333.603,366.46,0.766931,0.29031441,1393.4262,1444.7166
323.232,121.59,0.6081,25,9,1.5847,35.063,-0.04803,121.59,11.8393,1.37026,35.7807,0.36,64.937,332.529,365.211,0.706716,0.3,1607.2443,1657.5701
390.301,202.65,0.4608,25,20,3.3533,53.505,0.95942,202.65,5.77391,2.49209,14.8648,0.8,46.495,361.133,391.535,0.795884,0.16965731,2485.1469,2605.4154
324.211,152.0,0.3,30,26,2.9286,70.0,-0.19399,152.0,11.69381,5.0084,21.21293,0.86667,30.0,361.758,388.037,0.775316,0.09629335,1255.141,1321.2879
338.909,101.325,0.5321,21,11,2.9942,31.304,0.26548,101.325,9.60935,4.30106,3.15106,0.52381,68.696,330.033,363.465,0.779771,1e-06,2385.1279,2528.9068
400.0,152.0,0.3,30,9,2.9286,30.0,1.04387,152.0,5.33901,1.1543,3.33804,0.3,70.0,361.758,388.037,0.775316,1e-06,2928.8615,3104.1437
349.474,202.65,0.4714,25,19,3.5,46.0,-0.05655,202.65,8.52787,3.46501,14.14774,0.76,54.0,360.419,390.99,0.801589,0.08384881,2982.1469,3148.04
384.877,101.325,0.5476,30,27,2.3928,48.098,1.08148,101.325,6.00879,2.21409,26.7621,0.9,51.902,329.18,362.656,0.761856,0.3,1532.8699,1587.2294
395.789,121.59,0.5286,20,5,2.9286,70.0,1.09578,121.59,5.50573,2.33974,16.3721,0.25,30.0,336.828,369.667,0.77495,0.3,1122.7544,1163.6128
365.206,152.0,0.6387,27,20,2.8859,47.706,0.82074,152.0,7.20812,3.96325,24.55729,0.74074,52.294,339.269,370.871,0.78991,0.3,2161.7795,2243.5668
332.632,101.325,0.4714,30,22,3.5,54.0,-0.00502,101.325,10.40561,3.98114,24.06607,0.73333,46.0,333.603,366.46,0.807845,0.18485121,1795.437,1882.1321
357.895,202.65,0.3571,25,15,2.6429,70.0,-0.0564,202.65,7.78328,3.72101,19.29119,0.6,30.0,368.81,396.496,0.762431,0.18344789,1345.2345,1405.4739
397.744,121.59,0.4798,22,14,1.5621,59.18,1.09389,121.59,5.42324,1.29217,21.68588,0.63636,40.82,339.748,372.138,0.704305,0.3,1001.7867,1032.5691
357.895,202.65,0.4714,30,24,3.5,70.0,-0.01304,202.65,7.78328,3.42803,26.95986,0.8,30.0,360.419,390.99,0.807845,0.3,1655.9518,1721.1486
332.632,121.59,0.7,15,7,2.6429,30.0,0.14442,121.59,10.41601,1.68643,17.71206,0.46667,70.0,328.15,359.18,0.757171,0.3,2432.3965,2518.2155
384.047,121.59,0.3679,26,21,2.5383,53.218,1.02498,121.59,6.05725,1.44744,9.64302,0.80769,46.782,347.463,377.235,0.759158,0.02392609,1578.7839,1668.1806
349.474,202.65,0.4714,20,12,2.9286,62.0,-0.05655,202.65,8.52787,3.12791,20.12607,0.6,38.0,360.419,390.99,0.772148,0.28711648,1836.2361,1905.1588
387.368,121.59,0.7,10,7,2.0714,62.0,1.10336,121.59,5.89078,2.76786,9.90245,0.7,38.0,328.15,359.18,0.719818,0.3,1116.6066,1152.3254
363.48,121.59,0.5126,11,6,1.873,31.727,0.78575,121.59,7.32176,2.87358,6.52481,0.54545,68.273,337.756,370.493,0.713715,0.07996498,1877.3078,1968.688
332.632,101.325,0.3571,20,15,1.5,46.0,-0.04573,101.325,10.40561,3.37918,3.19495,0.75,54.0,341.482,371.478,0.7,1e-06,1180.7136,1244.288
400.0,152.0,0.5857,20,10,1.7857,62.0,1.09477,152.0,5.33901,1.83136,18.73388,0.5,38.0,342.031,374.153,0.719291,0.3,1132.3728,1168.519
328.421,101.325,0.4143,10,7,3.2143,62.0,-0.04604,101.325,11.00492,5.25474,10.23423,0.7,38.0,337.332,369.059,0.740044,0.21462761,1396.3049,1452.9167
353.684,121.59,0.3571,15,5,2.0714,30.0,0.18348,121.59,8.10806,4.05071,2.123,0.33333,70.0,348.29,377.689,0.725417,1e-06,2055.8737,2170.6902
324.211,121.59,0.4143,30,20,3.2143,46.0,-0.10263,121.59,11.67631,4.17831,4.86288,0.66667,54.0,344.074,375.209,0.793417,1e-06,2164.6527,2297.7349
336.842,101.325,0.5857,25,15,1.5,46.0,0.28973,101.325,9.85967,2.44055,33.761,0.6,54.0,327.162,360.573,0.7,0.3,1180.7375,1216.9833
400.0,202.65,0.4143,10,3,2.6429,30.0,1.0226,202.65,5.35232,1.78088,1.13284,0.3,70.0,364.416,393.838,0.729606,1e-06,3146.9496,3323.5385
324.211,121.59,0.4714,10,3,2.0714,46.0,-0.083,121.59,11.67631,2.87489,10.12697,0.3,54.0,340.274,372.546,0.717153,0.18296893,1586.9404,1652.2812
328.421,121.59,0.5857,25,15,1.7857,38.0,-0.0272,121.59,11.01593,1.65191,33.34142,0.6,62.0,333.686,366.525,0.721471,0.3,1652.0174,1705.654
320.0,202.65,0.7,10,6,3.2143,62.0,-0.14187,202.65,12.45495,1.49901,13.02759,0.6,38.0,347.46,376.821,0.748133,0.3,1973.4079,2041.8501
400.0,202.65,0.3,20,8,1.7857,54.0,1.0037,202.65,5.35232,0.82022,2.27627,0.4,46.0,373.664,398.991,0.715815,1e-06,1583.1037,1670.0964
387.368,121.59,0.7,10,3,3.5,46.0,1.10336,121.59,5.89078,4.21699,9.02864,0.3,54.0,328.15,359.18,0.75341,0.3,2318.6816,2399.4521
345.659,202.65,0.5756,20,13,1.8859,41.522,-0.04304,202.65,8.9079,1.64155,24.05035,0.65,58.478,353.988,385.194,0.725385,0.3,2083.2768,2151.589
400.0,152.0,0.3,25,22,2.0714,46.0,1.04387,152.0,5.33901,0.88317,2.82431,0.88,54.0,361.758,388.037,0.733304,1e-06,1772.2068,1872.0814
370.526,152.0,0.7,15,11,2.0714,54.0,1.01429,152.0,6.84744,3.21637,15.58829,0.73333,46.0,336.316,366.629,0.731838,0.3,1509.8307,1559.8299
400.0,202.65,0.4143,15,6,3.5,54.0,1.0226,202.65,5.35232,2.15219,7.61142,0.4,46.0,364.416,393.838,0.771383,0.11009138,2546.3735,2676.226
330.155,152.0,0.584,24,19,2.2798,41.965,-0.06184,152.0,10.77814,1.85931,29.13589,0.79167,58.035,342.124,374.253,0.752339,0.3,2030.7589,2101.7293
370.526,202.65,0.7,20,10,2.9286,54.0,0.78561,202.65,6.86451,3.65199,18.06562,0.5,46.0,347.46,376.821,0.783356,0.3,2220.953,2303.8104
347.814,152.0,0.6687,28,23,2.3284,35.351,0.32252,152.0,8.66804,2.11658,30.11948,0.82143,64.649,337.794,368.863,0.7614,0.3,2294.1167,2375.7894
400.0,152.0,0.4714,25,6,3.2143,46.0,1.07208,152.0,5.33901,2.14015,11.69374,0.24,54.0,348.802,380.342,0.791553,0.0956303,2420.7165,2550.7588
328.421,121.59,0.7,30,12,2.9286,62.0,0.00873,121.59,11.01593,1.4503,32.3626,0.4,38.0,328.15,359.18,0.79849,0.3,1419.4625,1474.2605
378.947,202.65,0.4143,10,3,2.0714,38.0,0.49391,202.65,6.3562,2.89118,1.25448,0.3,62.0,364.416,393.838,0.716487,1e-06,2352.4278,2482.0211
378.947,121.59,0.4143,15,3,2.9286,46.0,1.01371,121.59,6.3309,2.04592,5.0412,0.2,54.0,344.074,375.209,0.756426,0.01264332,2023.7509,2139.7295
396.847,202.65,0.6849,19,8,2.0304,39.501,1.06929,202.65,5.48263,2.39834,17.30359,0.42105,60.499,348.196,377.949,0.735188,0.3,2261.6211,2337.0857
378.947,202.65,0.5286,15,3,1.7857,30.0,0.71202,202.65,6.3562,2.60137,8.68323,0.2,70.0,356.766,387.919,0.715131,0.09326596,2409.165,2524.2706
375.21,121.59,0.5331,14,9,2.7288,44.734,1.02119,121.59,6.54667,2.80154,12.33337,0.64286,55.266,336.571,369.43,0.751222,0.26352658,1966.6643,2040.4354
370.526,152.0,0.4143,30,27,3.2143,70.0,0.58686,152.0,6.84744,3.5162,23.7059,0.9,30.0,352.689,383.084,0.793417,0.25180092,1344.6317,1400.8879
394.622,121.59,0.3852,13,3,3.3514,40.814,1.06648,121.59,5.55616,1.88243,1.49057,0.23077,59.186,346.162,376.491,0.757864,1e-06,2456.5745,2600.0056
351.319,152.0,0.3017,18,4,1.9027,65.75,-0.05315,152.0,8.33334,3.68137,11.42363,0.22222,34.25,361.606,387.967,0.720428,0.0836105,1063.2983,1115.4952
378.947,202.65,0.6429,25,5,1.5,38.0,0.93589,202.65,6.3562,2.35969,27.28421,0.2,62.0,350.321,380.908,0.7,0.3,1917.227,1975.9417
320.0,202.65,0.6429,20,15,1.7857,70.0,-0.15666,202.65,12.45495,1.12439,28.15346,0.75,30.0,350.321,380.908,0.719986,0.3,1032.0408,1065.6481
327.543,202.65,0.3864,16,8,3.4423,60.568,-0.2,202.65,11.19296,4.46271,12.54947,0.5,39.432,366.509,395.158,0.772442,0.13502706,2154.4678,2260.9212
353.684,121.59,0.5286,10,5,3.5,70.0,0.5133,121.59,8.10806,6.22989,10.81357,0.5,30.0,336.828,369.667,0.748024,0.3,1288.6692,1333.1046
323.609,202.65,0.6318,16,13,2.1726,64.774,-0.14099,202.65,11.82308,1.39271,21.03355,0.8125,35.226,350.898,381.645,0.737234,0.3,1378.2835,1424.9523
387.368,202.65,0.7,15,7,2.0714,38.0,1.03867,202.65,5.91432,2.7293,14.40128,0.46667,62.0,347.46,376.821,0.731838,0.3,2349.6951,2427.5566
324.211,121.59,0.4143,20,7,1.7857,30.0,-0.10263,121.59,11.67631,2.97951,3.33316,0.35,70.0,344.074,375.209,0.717205,1e-06,1865.7738,1968.8823
324.211,121.59,0.4143,20,7,2.0714,38.0,-0.10263,121.59,11.67631,3.26953,3.31585,0.35,62.0,344.074,375.209,0.732553,1e-06,1819.8813,1922.7275
328.421,101.325,0.4714,15,12,2.0714,30.0,-0.02678,101.325,11.00492,2.96674,2.43112,0.8,70.0,333.603,366.46,0.727558,1e-06,1876.4244,1981.6055
374.737,202.65,0.6429,15,4,2.3571,70.0,0.79824,202.65,6.60125,3.40279,14.80104,0.26667,30.0,350.321,380.908,0.743707,0.3,1241.5816,1283.8714
357.895,202.65,0.4714,15,9,3.2143,54.0,-0.01304,202.65,7.78328,3.49897,12.51995,0.6,46.0,360.419,390.99,0.766931,0.2197046,2385.4541,2486.3242
387.368,121.59,0.7,10,6,2.9286,30.0,1.10336,121.59,5.89078,3.64798,9.30996,0.6,70.0,328.15,359.18,0.742218,0.3,2626.2777,2715.4661
320.0,202.65,0.6429,15,11,2.3571,38.0,-0.15666,202.65,12.45495,1.40857,19.77999,0.73333,62.0,350.321,380.908,0.743707,0.3,2565.7878,2653.8261
336.842,121.59,0.5286,10,4,2.0714,62.0,0.00042,121.59,9.86953,2.44592,12.85507,0.4,38.0,336.828,369.667,0.71782,0.3,1116.6946,1152.6046
387.368,202.65,0.3571,20,11,3.2143,54.0,0.67033,202.65,5.91432,2.4944,3.97379,0.55,46.0,368.81,396.496,0.775868,0.00045093,2383.8455,2526.6028
395.789,101.325,0.4143,10,5,3.2143,54.0,1.09801,101.325,5.50023,1.99847,5.90215,0.5,46.0,337.332,369.059,0.740044,0.1367882,1690.3533,1768.6394
356.938,101.325,0.5712,19,14,2.4131,45.437,0.86723,101.325,7.82282,3.62296,19.94704,0.73684,54.563,327.916,361.382,0.752517,0.3,1622.2442,1678.7312
366.318,101.325,0.4873,18,8,2.9662,58.842,1.00226,101.325,7.1121,2.73108,16.79609,0.44444,41.158,332.634,365.702,0.769614,0.28981517,1420.1577,1472.6206
360.655,202.65,0.573,10,4,2.5636,61.821,0.20898,202.65,7.56403,2.89767,10.95206,0.4,38.179,354.133,385.346,0.7311,0.3,1678.8535,1734.5621
341.053,152.0,0.4714,25,19,2.6429,46.0,-0.04004,152.0,9.38445,3.05331,17.74964,0.76,54.0,348.802,380.342,0.767688,0.12364523,2096.2666,2200.6301
349.474,101.325,0.7,30,26,2.0714,46.0,0.87662,101.325,8.48544,3.91943,33.30902,0.86667,54.0,321.771,353.373,0.746233,0.3,1445.4861,1495.0829
370.526,152.0,0.4143,25,7,2.6429,46.0,0.58686,152.0,6.84744,3.12497,6.71126,0.28,54.0,352.689,383.084,0.76506,0.00250747,2096.7329,2220.1148
328.421,121.59,0.5857,25,10,2.6429,54.0,-0.0272,121.59,11.01593,2.14958,28.94511,0.4,46.0,333.686,366.525,0.772946,0.3,1596.4738,1654.866
395.789,121.59,0.3,15,9,2.6429,54.0,1.05785,121.59,5.50573,1.10372,1.71944,0.6,46.0,352.999,380.011,0.743719,1e-06,1600.1483,1691.6583
353.684,121.59,0.3571,15,8,3.2143,38.0,0.18348,121.59,8.10806,5.47546,2.09597,0.53333,62.0,348.29,377.689,0.761732,1e-06,2491.4783,2638.007
320.0,121.59,0.4143,15,9,2.0714,54.0,-0.12438,121.59,12.40537,3.30858,13.86337,0.6,46.0,344.074,375.209,0.726487,0.14833618,1350.8523,1411.151
349.474,101.325,0.3571,10,6,2.0714,30.0,0.26641,101.325,8.48544,4.40003,1.45078,0.6,70.0,341.482,371.478,0.715821,1e-06,1878.1376,1981.5488
349.474,101.325,0.7,15,4,3.5,46.0,0.87662,101.325,8.48544,5.74188,14.93876,0.26667,54.0,321.771,353.373,0.785804,0.3,2111.3246,2190.5257
387.368,202.65,0.7,20,12,2.3571,38.0,1.03867,202.65,5.91432,2.88854,17.99036,0.6,62.0,347.46,376.821,0.755584,0.3,2563.5659,2653.3984
354.522,152.0,0.6087,20,9,2.3279,45.709,0.4292,152.0,8.04706,3.14941,21.36904,0.45,54.291,340.804,372.764,0.751085,0.3,1927.8115,1994.8178
352.4,202.65,0.4408,10,3,2.1897,45.155,-0.05226,202.65,8.2553,2.96622,6.76701,0.3,54.845,362.514,392.541,0.719818,0.10194748,2160.4701,2263.3067
370.526,152.0,0.4143,15,4,2.9286,70.0,0.58686,152.0,6.84744,3.55025,13.48675,0.26667,30.0,352.689,383.084,0.756426,0.26765436,1257.0616,1304.3677
332.632,121.59,0.3,15,3,1.7857,54.0,-0.10523,121.59,10.41601,4.12896,2.38713,0.2,46.0,352.999,380.011,0.712868,1e-06,1226.4788,1293.8714
320.0,202.65,0.7,20,9,3.5,54.0,-0.14187,202.65,12.45495,1.46739,22.24061,0.45,46.0,347.46,376.821,0.805453,0.3,2539.5539,2639.2382
337.146,101.325,0.3754,29,6,3.1206,40.476,-0.01529,101.325,9.82215,4.79008,4.38206,0.2069,59.524,340.105,370.723,0.786507,1e-06,2130.9397,2260.6351
328.421,101.325,0.5286,10,6,2.6429,70.0,-0.00935,101.325,11.00492,3.07729,12.94943,0.6,30.0,330.231,363.646,0.731998,0.3,953.4719,985.2185
332.632,121.59,0.7,10,4,2.3571,30.0,0.14442,121.59,10.41601,1.60487,12.78721,0.4,70.0,328.15,359.18,0.728152,0.3,2246.6425,2320.7067
341.053,152.0,0.4714,30,9,1.7857,46.0,-0.04004,152.0,9.38445,2.37311,27.10452,0.3,54.0,348.802,380.342,0.721151,0.17827671,1608.7884,1676.0781
374.737,121.59,0.3,20,5,3.2143,30.0,0.80474,121.59,6.57498,1.79775,2.50452,0.25,70.0,352.999,380.011,0.772674,1e-06,2810.6046,2978.3212
324.067,202.65,0.5183,27,10,3.3585,57.409,-0.17221,202.65,11.74679,2.7518,29.55749,0.37037,42.591,357.398,388.488,0.802678,0.3,2277.9019,2366.8762
374.737,202.65,0.4714,20,6,2.3571,62.0,0.46835,202.65,6.60125,3.35122,19.49787,0.3,38.0,360.419,390.99,0.748111,0.3,1572.1057,1626.3382
347.658,152.0,0.4581,17,7,3.3118,44.077,-0.01042,152.0,8.68343,3.89484,8.97018,0.41176,55.923,349.676,381.0,0.776168,0.05453825,2567.8874,2711.1658
357.895,202.65,0.4143,30,15,3.5,70.0,-0.03369,202.65,7.78328,3.93143,24.41112,0.5,30.0,364.416,393.838,0.803657,0.24741218,1656.482,1727.9221
355.027,101.325,0.5744,30,11,1.5791,44.783,0.8154,101.325,7.98347,3.02979,36.1098,0.36667,55.217,327.747,361.203,0.706528,0.3,1244.9583,1283.7235
324.206,152.0,0.3984,18,5,2.4449,40.538,-0.15312,152.0,11.69455,3.59908,2.97172,0.27778,59.462,353.842,383.814,0.746427,1e-06,2186.4408,2312.5319
324.211,152.0,0.3571,30,19,1.5,46.0,-0.16933,152.0,11.69381,2.95906,5.03122,0.63333,54.0,356.984,385.64,0.7,1e-06,1446.0945,1524.1242
374.737,202.65,0.5857,25,4,3.2143,38.0,0.68422,202.65,6.60125,3.93554,18.57426,0.16,62.0,353.412,384.579,0.798664,0.23827011,3207.34,3346.3705
349.474,101.325,0.7,20,12,2.3571,38.0,0.87662,101.325,8.48544,4.30405,21.6441,0.6,62.0,321.771,353.373,0.755584,0.3,1812.6991,1876.2886
395.789,121.59,0.3571,15,3,2.9286,30.0,1.06637,121.59,5.50573,1.49257,1.71306,0.2,70.0,348.29,377.689,0.754146,1e-06,2623.8457,2776.2727
320.0,121.59,0.3571,25,14,2.6429,54.0,-0.14617,121.59,12.40537,4.38226,11.27077,0.56,46.0,348.29,377.689,0.762431,0.01189732,1597.7387,1690.5255
369.423,121.59,0.6186,23,17,2.5665,45.069,1.01778,121.59,6.90912,3.19307,21.74348,0.73913,54.931,331.996,364.573,0.768033,0.3,1867.2286,1934.5197
386.998,202.65,0.3881,12,7,1.5325,54.498,0.71843,202.65,5.93252,1.51507,7.66994,0.58333,45.502,366.379,395.079,0.701307,0.12652198,1425.1978,1488.0013
349.599,101.325,0.4765,23,11,1.7833,32.686,0.49524,101.325,8.47353,3.75202,3.33089,0.47826,67.314,333.291,366.22,0.719144,1e-06,1636.2197,1726.6992
320.0,121.59,0.3,10,3,2.6429,62.0,-0.17049,121.59,12.40537,5.84236,5.98471,0.3,38.0,352.999,380.011,0.727213,0.03815956,1323.4475,1393.8894
389.947,101.325,0.3471,17,4,2.3287,59.941,1.06623,101.325,5.76173,1.20307,8.73777,0.23529,40.059,342.258,371.885,0.738513,0.08557418,1162.8692,1221.1305
387.368,121.59,0.3571,15,9,1.7857,46.0,1.03549,121.59,5.89078,1.05369,1.80618,0.6,54.0,348.29,377.689,0.713434,1e-06,1439.806,1518.5955
332.288,101.325,0.5524,22,8,3.1139,46.131,0.10063,101.325,10.4524,3.29168,22.79065,0.36364,53.869,328.919,362.401,0.787502,0.27778462,1925.2059,2001.1207
349.474,101.325,0.4714,20,5,1.5,70.0,0.48302,101.325,8.48544,3.4487,25.23728,0.25,30.0,333.603,366.46,0.7,0.3,655.9788,676.0567
370.526,202.65,0.4714,15,6,1.5,62.0,0.33063,202.65,6.86451,2.58097,17.05153,0.4,38.0,360.419,390.99,0.7,0.3,1175.061,1211.1063
390.252,101.325,0.3202,23,12,3.1914,67.9,1.06341,101.325,5.74748,1.37394,11.77477,0.52174,32.1,344.426,372.958,0.778558,0.10352804,1169.7002,1230.4962
389.713,121.59,0.4649,21,15,1.5445,61.747,1.0618,121.59,5.77847,1.31393,21.55602,0.71429,38.253,340.686,372.858,0.702993,0.3,932.424,961.0087
349.845,101.325,0.3899,20,8,2.0158,58.722,0.34753,101.325,8.45017,3.99713,15.7247,0.4,41.278,339.049,370.113,0.729187,0.15136531,1086.3243,1134.6166
358.236,202.65,0.3347,23,12,3.1885,36.005,-0.06419,202.65,7.75559,4.40847,3.12481,0.52174,63.995,370.659,397.494,0.779325,1e-06,3295.1791,3493.8657
397.15,152.0,0.6543,30,11,2.5048,65.521,1.10013,152.0,5.45624,2.53342,24.56805,0.36667,34.479,338.494,369.841,0.772874,0.3,1287.3293,1333.9752
354.486,101.325,0.6151,22,18,2.0696,57.933,0.86787,101.325,8.03005,3.61748,24.27346,0.81818,42.067,325.687,358.871,0.739,0.3,1126.0399,1163.9858
346.457,152.0,0.6775,13,6,2.7373,42.931,0.29431,152.0,8.80398,2.34788,14.44089,0.46154,57.069,337.37,368.247,0.75229,0.3,2275.599,2354.9617
320.0,121.59,0.6429,15,12,2.0714,38.0,-0.05582,121.59,12.40537,1.44618,20.46347,0.8,62.0,330.804,363.059,0.730768,0.3,1820.1443,1880.6165
363.654,121.59,0.5976,10,6,3.4531,59.139,0.9335,121.59,7.30901,4.90946,10.23836,0.6,40.861,333.066,365.833,0.749416,0.3,1736.7122,1796.7412
374.737,202.65,0.5857,15,12,2.9286,38.0,0.68422,202.65,6.60125,3.9779,13.89763,0.8,62.0,353.412,384.579,0.763265,0.29602629,2998.0927,3106.1154
374.737,121.59,0.4143,20,8,1.7857,30.0,0.98484,121.59,6.57498,1.44063,2.55425,0.4,70.0,344.074,375.209,0.717205,1e-06,1865.8453,1968.644
354.322,101.325,0.4136,20,15,3.0277,47.164,0.53434,101.325,8.04426,4.29426,7.31346,0.75,52.836,337.378,369.089,0.772809,0.01123456,1850.8409,1959.6921
324.211,121.59,0.4714,25,10,1.5,38.0,-0.083,121.59,11.67631,2.20792,20.06929,0.4,62.0,340.274,372.546,0.7,0.09849624,1485.0144,1553.7681
370.526,152.0,0.3571,15,6,2.0714,46.0,0.47259,152.0,6.84744,2.67898,1.95159,0.4,54.0,356.984,385.64,0.725417,1e-06,1773.2447,1872.2117
374.737,202.65,0.5857,20,11,3.5,62.0,0.68422,202.65,6.60125,4.28896,16.97636,0.55,38.0,353.412,384.579,0.798363,0.3,2099.1252,2179.9723
320.37,202.65,0.3802,23,6,2.238,32.354,-0.2,202.65,12.38772,3.38014,3.89123,0.26087,67.646,366.983,395.443,0.7427,1e-06,2700.2558,2855.2773
324.211,121.59,0.4714,30,25,2.3571,54.0,-0.083,121.59,11.67631,2.88954,31.32745,0.83333,46.0,340.274,372.546,0.756846,0.22829548,1473.0752,1533.2796
400.0,202.65,0.5857,20,16,1.7857,30.0,1.05654,202.65,5.35232,1.88791,17.51814,0.8,70.0,353.412,384.579,0.719291,0.27403549,2408.4384,2490.611
374.737,121.59,0.4714,15,3,3.2143,30.0,1.00803,121.59,6.57498,2.70327,1.88245,0.2,70.0,340.274,372.546,0.766931,1e-06,2811.8702,2978.2612
386.777,152.0,0.4982,21,9,2.1478,64.762,1.02858,152.0,5.92867,1.92574,19.76428,0.42857,35.238,347.102,378.982,0.739578,0.3,1184.6641,1224.5369
387.368,202.65,0.3,20,10,3.2143,38.0,0.5411,202.65,5.91432,2.384,2.36369,0.5,62.0,373.664,398.991,0.772674,1e-06,3213.782,3405.6018
396.697,202.65,0.4205,24,11,3.462,52.48,1.01159,202.65,5.489,2.11662,10.80321,0.45833,47.52,363.961,393.536,0.795255,0.08122229,2603.4681,2747.1384
395.789,121.59,0.6429,30,8,2.0714,70.0,1.12001,121.59,5.50573,2.21583,26.6845,0.26667,30.0,330.804,363.059,0.744679,0.3,879.8705,909.6445
370.526,202.65,0.4714,25,19,3.5,70.0,0.33063,202.65,6.86451,4.31753,21.46553,0.76,30.0,360.419,390.99,0.801589,0.3,1656.7778,1721.0717
400.0,202.65,0.5857,20,8,2.3571,70.0,1.05654,202.65,5.35232,2.27977,17.1545,0.4,30.0,353.412,384.579,0.751848,0.3,1240.8427,1283.7364
378.947,121.59,0.3571,10,6,2.3571,70.0,1.00462,121.59,6.3309,1.45378,7.88821,0.6,30.0,348.29,377.689,0.722475,0.2005721,963.3085,1001.8271
391.914,121.59,0.4905,29,11,2.1028,30.194,1.07443,121.59,5.67672,1.70785,3.38578,0.37931,69.806,339.09,371.614,0.742103,1e-06,2068.5143,2186.5523
394.894,101.325,0.353,12,9,1.7479,49.852,1.08524,101.325,5.5388,0.94835,1.39665,0.75,50.148,341.8,371.647,0.709323,1e-06,1204.4342,1269.8439
324.786,121.59,0.5254,13,8,3.1853,63.698,-0.06316,121.59,11.58221,3.25988,15.93349,0.61538,36.302,337.011,369.832,0.75973,0.3,1448.9646,1500.475
395.786,101.325,0.6937,15,3,2.5303,60.874,1.15388,101.325,5.5004,2.78552,13.05429,0.2,39.126,322.047,353.818,0.752431,0.3,1203.2725,1244.8679
371.035,121.59,0.3287,15,4,3.2137,35.998,0.72343,121.59,6.80449,2.36643,1.92136,0.26667,64.002,350.564,378.861,0.760426,1e-06,2571.8783,2722.7683
383.663,121.59,0.5542,11,6,2.5614,31.581,1.05636,121.59,6.07705,2.66583,7.45381,0.54545,68.419,335.383,368.292,0.735177,0.16219586,2328.3383,2430.8551
350.139,101.325,0.6653,19,5,1.7173,32.425,0.82723,101.325,8.42242,3.67467,22.90232,0.26316,67.575,323.316,355.741,0.715147,0.3,1604.154,1655.2478
336.149,202.65,0.4871,14,9,1.8257,49.92,-0.12006,202.65,9.99582,2.13932,16.27345,0.64286,50.08,359.387,390.174,0.715631,0.25775806,1748.197,1809.9787
395.789,101.325,0.4143,25,14,2.3571,30.0,1.09801,101.325,5.50023,1.42975,2.85618,0.56,70.0,337.332,369.059,0.751468,1e-06,2047.281,2165.6648
353.684,101.325,0.3,30,19,2.6429,38.0,0.27345,101.325,8.09996,3.94308,4.18724,0.63333,62.0,346.135,373.743,0.763485,1e-06,1965.7427,2081.6173
357.895,202.65,0.4143,15,10,2.3571,62.0,-0.03369,202.65,7.78328,3.2072,13.25478,0.66667,38.0,364.416,393.838,0.737626,0.21610915,1573.3391,1636.6392
370.526,152.0,0.3,10,3,1.7857,38.0,0.33367,152.0,6.84744,2.44119,1.30865,0.3,62.0,361.758,388.037,0.70801,1e-06,1849.024,1949.6439
357.895,101.325,0.7,30,13,2.0714,54.0,1.01658,101.325,7.74456,3.46781,31.88589,0.43333,46.0,321.771,353.373,0.746233,0.3,1231.3562,1273.5352
383.58,101.325,0.5979,18,8,1.5947,43.561,1.08691,101.325,6.07528,1.94985,18.83079,0.44444,56.439,326.542,359.878,0.706268,0.3,1280.2875,1319.963
324.211,152.0,0.4714,30,26,2.0714,30.0,-0.12706,152.0,11.69381,2.50079,4.96393,0.86667,70.0,348.802,380.342,0.740017,1e-06,2295.9994,2427.1633
342.752,152.0,0.5997,16,13,1.7796,33.761,0.04597,152.0,9.19495,1.64544,20.0122,0.8125,66.239,341.279,373.313,0.716373,0.3,1969.8144,2032.9222
374.737,121.59,0.4143,15,10,2.3571,54.0,0.98484,121.59,6.57498,1.80859,9.88225,0.66667,46.0,344.074,375.209,0.737626,0.13884734,1475.3269,1543.2312
332.632,101.325,0.5857,10,3,2.9286,46.0,0.1637,101.325,10.40561,3.41694,12.39304,0.3,54.0,327.162,360.573,0.73938,0.3,1849.8162,1912.4443
394.455,101.325,0.4329,24,3,2.2226,69.8,1.09614,101.325,5.55792,1.46377,21.38364,0.125,30.2,336.077,368.236,0.744352,0.29809815,848.3562,877.224
324.211,121.59,0.6429,25,16,2.9286,70.0,-0.03407,121.59,11.67631,1.82645,28.31082,0.64,30.0,330.804,363.059,0.789657,0.3,1121.3852,1163.922
400.0,152.0,0.3,15,9,1.7857,46.0,1.04387,152.0,5.33901,0.79287,1.70634,0.6,54.0,361.758,388.037,0.712868,1e-06,1609.8869,1697.9156
356.512,202.65,0.6552,10,3,2.8601,48.866,0.22479,202.65,7.89741,2.38424,10.92643,0.3,51.134,349.683,380.063,0.739625,0.3,2433.9733,2516.4124
378.947,121.59,0.4143,30,3,1.7857,70.0,1.01371,121.59,6.3309,1.35755,29.52529,0.1,30.0,344.074,375.209,0.720329,0.28312424,799.4865,826.1785
367.542,121.59,0.3911,15,12,2.1701,67.185,0.71495,121.59,7.03503,2.28338,13.13309,0.8,32.815,345.733,376.237,0.729978,0.2255318,994.3928,1032.9011
353.684,101.325,0.3,20,13,2.3571,62.0,0.27345,101.325,8.09996,3.77532,9.13942,0.65,38.0,346.135,373.743,0.742506,0.02878681,1112.1185,1173.2822
332.632,121.59,0.3,30,15,1.5,30.0,-0.10523,121.59,10.41601,3.68888,4.79447,0.5,70.0,352.999,380.011,0.7,1e-06,1676.626,1766.9576
387.368,202.65,0.3,10,3,2.3571,54.0,0.5411,202.65,5.91432,1.97608,1.20357,0.3,46.0,373.664,398.991,0.721528,1e-06,1906.9712,2012.7901
378.947,121.59,0.3571,30,6,1.5,70.0,1.00462,121.59,6.3309,0.97412,25.50133,0.2,30.0,348.29,377.689,0.7,0.21020408,718.6097,745.4725
395.789,121.59,0.5286,25,20,3.2143,62.0,1.09578,121.59,5.50573,2.45321,19.35497,0.8,38.0,336.828,369.667,0.795108,0.3,1523.1779,1581.2027
387.368,202.65,0.3571,25,19,1.7857,30.0,0.67033,202.65,5.91432,1.59579,3.01211,0.76,70.0,368.81,396.496,0.718376,1e-06,2408.5568,2541.5821
320.438,101.325,0.4019,29,19,3.2034,65.789,-0.09174,101.325,12.31378,4.52746,26.73854,0.65517,34.211,338.194,369.598,0.791323,0.19938406,1248.8699,1306.1907
341.053,152.0,0.4143,25,15,2.6429,54.0,-0.06012,152.0,9.38445,3.58018,17.40239,0.6,46.0,352.689,383.084,0.76506,0.11547818,1786.0633,1875.7641
349.474,202.65,0.4714,20,5,1.5,70.0,-0.05655,202.65,8.52787,1.98584,25.29615,0.25,30.0,360.419,390.99,0.7,0.3,927.6452,956.2518
388.451,101.325,0.6404,15,6,3.0075,33.51,1.11411,101.325,5.83255,3.16671,12.93589,0.4,66.49,324.47,357.331,0.768087,0.3,2318.375,2401.8607
322.872,121.59,0.4531,23,15,3.0751,69.468,-0.09599,121.59,11.90022,3.69085,26.79395,0.65217,30.532,341.451,373.422,0.782209,0.3,1184.4892,1228.7832
387.368,202.65,0.3,20,6,2.0714,30.0,0.5411,202.65,5.91432,1.7002,2.40028,0.3,70.0,373.664,398.991,0.729922,1e-06,2653.216,2802.2984
357.895,202.65,0.3571,15,7,2.9286,70.0,-0.0564,202.65,7.78328,4.23408,11.88185,0.46667,30.0,368.81,396.496,0.754146,0.18699877,1451.673,1515.3041
328.421,101.325,0.4714,30,20,3.5,38.0,-0.02678,101.325,11.00492,3.95204,4.71756,0.66667,62.0,333.603,366.46,0.807845,1e-06,2419.9319,2571.4721
370.526,202.65,0.3,10,7,2.3571,38.0,-0.01621,202.65,6.86451,3.80452,1.30446,0.7,62.0,373.664,398.991,0.721528,1e-06,2570.2261,2713.0226
349.474,101.325,0.4143,10,3,2.0714,30.0,0.38268,101.325,8.48544,4.38963,1.45046,0.3,70.0,337.332,369.059,0.716487,1e-06,1878.0467,1981.5309
320.0,202.65,0.4714,15,7,2.3571,46.0,-0.2,202.65,12.45495,2.61807,13.903,0.46667,54.0,360.419,390.99,0.739147,0.15715079,2235.4788,2336.1011
392.996,202.65,0.5851,24,6,2.9272,38.358,1.03073,202.65,5.65044,2.76362,17.90431,0.25,61.642,353.447,384.616,0.78502,0.26383044,2974.7287,3094.3593
353.684,101.325,0.4143,15,6,3.5,70.0,0.51539,101.325,8.09996,5.13695,13.91076,0.4,30.0,337.332,369.059,0.771383,0.26124384,1174.2681,1220.4717
353.684,101.325,0.3,20,8,2.0714,30.0,0.27345,101.325,8.09996,3.47074,2.82498,0.4,70.0,346.135,373.743,0.729922,1e-06,1876.0991,1981.5507
349.474,101.325,0.4714,10,3,3.2143,38.0,0.48302,101.325,8.48544,6.17717,4.73828,0.3,62.0,333.603,366.46,0.741662,0.03052207,2277.9369,2402.754
378.947,121.59,0.5286,15,4,1.5,54.0,1.03403,121.59,6.3309,1.69957,16.33523,0.26667,46.0,336.828,369.667,0.7,0.3,1101.8613,1135.4767
370.526,152.0,0.3571,15,8,2.9286,54.0,0.47259,152.0,6.84744,3.47218,5.69487,0.53333,46.0,356.984,385.64,0.754146,0.01895524,1927.8119,2037.1068
384.718,202.65,0.5553,16,10,2.3426,53.501,0.94632,202.65,6.04698,2.62573,15.08152,0.625,46.499,355.163,386.394,0.743045,0.3,1916.1431,1981.3728
357.895,101.325,0.4714,20,14,3.2143,30.0,0.73931,101.325,7.74456,3.93119,2.71226,0.7,70.0,333.603,366.46,0.782257,1e-06,2563.8221,2718.8119
351.321,202.65,0.5314,13,9,2.027,42.986,-0.02723,202.65,8.354,2.08268,14.37492,0.69231,57.014,356.59,387.758,0.723239,0.27705504,2130.7889,2204.0339
380.443,121.59,0.5569,30,24,2.6437,63.525,1.04509,121.59,6.24824,2.55862,26.29801,0.8,36.475,335.235,368.145,0.776074,0.3,1265.9346,1312.2491
320.0,121.59,0.3571,10,5,2.0714,62.0,-0.14617,121.59,12.40537,4.10119,9.11817,0.5,38.0,348.29,377.689,0.715821,0.13730778,1116.8263,1166.7209
341.053,121.59,0.5857,10,3,1.5,70.0,0.22434,121.59,9.37041,2.08643,13.20405,0.3,30.0,333.686,366.525,0.7,0.3,718.5768,740.6231
341.053,152.0,0.4714,15,11,3.2143,70.0,-0.04004,152.0,9.38445,3.72141,16.47688,0.73333,30.0,348.802,380.342,0.766931,0.3,1347.3483,1396.0056
378.947,121.59,0.5857,30,10,2.0714,38.0,1.04555,121.59,6.3309,2.36179,28.99247,0.33333,62.0,333.686,366.525,0.743125,0.3,1818.4909,1880.352
332.602,202.65,0.336,11,3,1.9277,37.228,-0.19606,202.65,10.46169,3.49055,1.75332,0.27273,62.772,370.549,397.437,0.713743,1e-06,2270.6118,2395.6086
332.632,121.59,0.7,10,3,1.7857,54.0,0.14442,121.59,10.41601,1.26753,13.42898,0.3,46.0,328.15,359.18,0.710475,0.3,1226.7399,1265.4457
324.211,121.59,0.6429,30,18,3.5,62.0,-0.03407,121.59,11.67631,2.05301,31.15534,0.6,38.0,330.804,363.059,0.82041,0.3,1623.1598,1688.7309
349.474,202.65,0.6429,15,6,2.6429,70.0,-0.00438,202.65,8.52787,1.69407,16.28588,0.4,30.0,350.321,380.908,0.755249,0.3,1345.999,1393.3035
357.895,202.65,0.3,30,19,1.5,46.0,-0.08148,202.65,7.78328,2.89466,4.19833,0.63333,54.0,373.664,398.991,0.7,1e-06,1669.7685,1759.7311
344.852,202.65,0.403,21,6,1.6814,58.151,-0.10537,202.65,8.99205,2.58802,19.13407,0.28571,41.849,365.247,394.375,0.711364,0.18116071,1386.7078,1443.4302
353.684,101.325,0.3,10,6,1.5,54.0,0.27345,101.325,8.09996,2.82291,1.42664,0.6,46.0,346.135,373.743,0.7,1e-06,1005.8125,1059.8841
328.421,121.59,0.7,25,12,2.6429,30.0,0.00873,121.59,11.01593,1.36049,28.52928,0.48,70.0,328.15,359.18,0.778203,0.3,2428.4412,2518.2353
393.26,202.65,0.646,19,13,2.4498,38.651,1.04608,202.65,5.63863,2.71026,16.5749,0.68421,61.349,350.156,380.693,0.756836,0.3,2606.3875,2697.961
395.789,101.325,0.5286,20,13,2.6429,54.0,1.11786,101.325,5.50023,2.12928,16.90021,0.65,46.0,330.231,363.646,0.763177,0.3,1458.5664,1510.3742
347.531,121.59,0.5887,26,18,2.687,43.815,0.42666,121.59,8.68303,3.80981,26.85966,0.69231,56.185,333.527,366.35,0.776415,0.3,1973.0875,2045.6764
397.953,101.325,0.4896,23,18,1.7006,68.648,1.11866,101.325,5.40916,1.37768,22.03905,0.78261,31.352,332.497,365.592,0.713899,0.3,739.8104,763.0014
394.142,152.0,0.6341,22,12,3.1488,65.176,1.08423,152.0,5.58556,3.02346,17.25241,0.54545,34.824,339.502,371.17,0.793516,0.3,1536.6277,1594.9583
320.0,121.59,0.3571,15,7,2.3571,70.0,-0.14617,121.59,12.40537,4.30347,15.44616,0.46667,30.0,348.29,377.689,0.736106,0.19473001,962.2141,1002.5384
331.17,121.59,0.6181,29,24,2.2557,55.078,-0.00441,121.59,10.61788,1.7096,34.66786,0.82759,44.922,332.023,364.605,0.755652,0.3,1395.2206,1444.2981
400.0,152.0,0.5857,30,6,2.0714,30.0,1.09477,152.0,5.33901,1.99076,21.50099,0.2,70.0,342.031,374.153,0.743125,0.21842271,2295.5798,2388.0636
332.632,101.325,0.5857,30,3,3.2143,38.0,0.1637,101.325,10.40561,3.14744,26.68015,0.1,62.0,327.162,360.573,0.80474,0.2283563,2266.8442,2368.0508
374.737,202.65,0.3,15,3,2.6429,54.0,0.04235,202.65,6.60125,3.82151,1.90236,0.2,46.0,373.664,398.991,0.743719,1e-06,2065.7064,2184.1754
